cpu,ram,disk_read,disk_write,net_sent,net_recv
32.7,68.3,27772526592,11466162176,19467408,305983508
15.4,68.3,27772559360,11466514432,19500341,305987240
12.3,68.3,27772559360,11466977280,19519996,305987941
8.4,68.3,27772559360,11466981376,19525191,305988675
2.0,68.3,27772559360,11467067392,19525331,305989072
18.9,67.9,27772559360,11467071488,19538425,305995894
5.8,68.0,27772559360,11467489280,19553648,306005323
8.1,67.5,27772559360,11468029952,19554029,306005663
11.1,67.4,27772567552,11468468224,19556560,306014772
13.3,67.3,27772567552,11468509184,19559864,306014772
21.4,67.4,27772567552,11468595200,19560069,306015301
17.4,66.9,27772600320,11469119488,19570867,306021943
18.7,66.8,27772600320,11470503936,19574543,306025317
23.5,66.7,27772600320,11470626816,19574605,306025317
27.3,66.4,27772719104,11471835136,19574710,306025391
23.0,65.0,27772850176,11473948672,19574772,306025391
13.2,65.0,27772855296,11473952768,19574880,306025616
18.2,64.9,27772855296,11473956864,19575091,306025736
19.2,64.9,27772855296,11474165760,19575445,306026131
15.6,64.9,27772855296,11474186240,19575594,306026395
9.9,64.9,27772855296,11474202624,19575764,306026449
21.9,65.3,27772855296,11474378752,19575924,306026515
16.4,65.2,27772855296,11474554880,19583160,306032891
16.6,65.1,27772926976,11474630656,19583160,306032891
16.4,65.1,27772943360,11474696192,19583160,306032891
18.6,65.1,27772943360,11475048448,19587217,306034276
16.5,65.1,27772943360,11475417088,19587365,306034609
16.6,65.1,27773008896,11475458048,19587536,306034729
16.1,65.1,27773008896,11475662848,19587755,306034889
12.7,65.1,27773025280,11475757056,19587976,306035151
15.2,65.1,27773029376,11475847168,19588038,306035151
18.5,65.2,27773029376,11475859456,19604187,306042124
30.1,65.4,27773029376,11476994048,19604512,306043164
34.0,65.5,27773029376,11477096448,19605420,306045147
15.5,65.5,27773053952,11478034432,19627772,306071757
14.5,65.6,27773119488,11479103488,19628581,306073039
18.0,65.3,27773119488,11479164928,19629117,306073918
19.7,65.2,27773119488,11479275520,19629933,306074986
17.6,65.2,27773119488,11479496704,19630689,306076159
26.3,65.5,27773512704,11479504896,19631227,306077095
26.5,64.9,27784332800,11479517184,19636028,306078838
21.4,64.9,27784349184,11480619008,19637147,306083669
27.2,65.2,27784508928,11481163776,19637339,306083821
13.8,65.2,27784508928,11482576896,19641017,306137695
17.5,65.1,27784508928,11482605568,19641017,306137761
14.7,65.2,27786376704,11482957824,19652946,306148147
19.9,65.3,27786573312,11483219968,19653370,306148147
11.0,65.3,27786573312,11483641856,19653963,306148395
28.8,65.2,27788289536,11483715584,19654018,306148461
44.8,65.8,27791889920,11484563456,19654208,306148782
14.6,66.0,27792213504,11485722624,19662498,306154846
17.5,66.0,27792213504,11485964288,19662689,306156843
36.7,66.0,27792332288,11486930944,19679612,306248234
42.2,66.3,27792524800,11488208896,19690212,306406455
46.9,67.2,27792590336,11488729088,19690586,306406943
30.5,67.4,27792717312,11489056768,19694305,306407713
12.8,66.9,27792717312,11489093632,19694379,306407891
10.8,66.3,27792717312,11489277952,19694570,306408058
14.2,66.1,27792717312,11489351680,19694570,306408058
12.5,65.7,27792717312,11489740800,19694740,306408283
12.4,65.7,27792733184,11489953792,19694953,306408411
10.1,65.7,27792733184,11490072576,19694953,306408411
12.5,65.7,27792733184,11490158592,19695320,306408731
11.9,65.7,27792733184,11490166784,19695394,306408909
22.2,65.7,27792733184,11490170880,19695531,306408995
17.4,65.7,27792733184,11490338816,19698089,306420000
10.9,65.7,27792753664,11490396160,19698144,306420066
12.2,65.7,27792753664,11490400256,19698303,306420174
13.2,65.7,27792753664,11490420736,19707910,306427070
12.6,65.6,27792753664,11491239936,19708266,306428489
10.9,65.6,27792753664,11491244032,19708464,306428489
12.2,65.6,27792753664,11491272704,19718967,306436562
12.6,65.6,27792819200,11491346432,19719213,306436869
11.7,65.6,27792819200,11491465216,19719395,306436923
13.0,65.6,27792819200,11491469312,19719457,306436923
17.5,65.6,27792819200,11491473408,19719457,306436923
18.9,65.7,27792847872,11491534848,19719664,306436997
12.3,65.7,27792864256,11493677056,19719980,306437277
11.7,65.7,27792864256,11494119424,19720128,306437601
9.9,65.7,27792864256,11494135808,19720190,306437601
11.6,65.7,27792864256,11496380416,19720561,306438163
15.5,65.7,27793011712,11497392128,19720561,306438163
12.7,65.7,27793275904,11497482240,19720678,306438229
14.8,65.7,27793275904,11497502720,19728130,306494408
21.1,66.3,27793476608,11497633792,19745212,306498611
22.8,66.5,27793575424,11498063872,19770860,306723474
16.6,66.2,27793803776,11498399744,19789699,307020234
34.9,66.9,27794004480,11499517952,19830507,308412374
19.6,66.9,27794037248,11499726848,19838468,308413509
10.5,66.7,27794049536,11500218368,19839927,308413905
12.1,66.7,27794049536,11500562432,19839927,308413905
14.6,66.4,27794049536,11500562432,19849736,308483155
16.9,66.3,27794049536,11500578816,19869753,309263558
13.3,66.0,27794479616,11500652544,19869827,309263736
10.7,66.0,27794479616,11500914688,19884079,309748836
11.4,66.0,27794479616,11501033472,19884175,309748924
11.4,66.0,27794545152,11501619200,19884311,309749025
26.5,66.0,27794545152,11501619200,19906376,310296058
10.5,66.0,27794545152,11501729792,19906376,310296146
10.6,66.0,27794545152,11501791232,19919875,310688745
10.8,66.0,27794545152,11501926400,19920201,310689019
26.4,65.4,27794545152,11501934592,19920337,310689197
12.0,65.4,27794598400,11502073856,19933557,311215550
12.6,65.4,27794598400,11502245888,19933631,311215651
10.8,65.5,27794598400,11502397440,19946024,311605940
12.0,65.5,27794614784,11503622144,19946448,311605940
10.4,65.5,27794614784,11503708160,19958282,311945957
11.7,65.5,27794614784,11503712256,19969087,312092945
11.1,65.5,27794614784,11504883712,19979108,312257015
11.4,65.5,27794614784,11505174528,19979170,312257015
12.4,65.5,27794643456,11505252352,19999950,312691746
14.6,65.5,27794643456,11505281024,20000086,312691913
15.2,65.5,27794643456,11505498112,20022017,313203722
12.1,65.5,27794643456,11505559552,20022343,313203996
13.2,65.5,27794643456,11505563648,20026097,313204654
11.9,65.5,27794738176,11505641472,20047769,313672104
14.3,65.5,27794762752,11505641472,20048620,313672302
12.4,65.5,27794779136,11505858560,20071552,314197966
10.1,65.5,27794779136,11505883136,20071626,314198067
12.5,65.5,27794795520,11506042880,20071688,314198067
16.4,65.6,27794795520,11506276352,20093942,314768238
13.9,65.6,27794795520,11507709952,20094253,314768354
16.8,65.6,27794795520,11507750912,20104753,314777360
11.2,65.6,27794795520,11507812352,20119777,315403616
11.7,65.5,27794795520,11507828736,20120057,315403836
13.6,65.6,27794795520,11507951616,20120057,315403836
20.8,65.1,27795278848,11508045824,20135181,316157618
10.7,65.1,27795278848,11508164608,20135344,316157738
12.7,65.1,27795278848,11508393984,20146323,316534433
9.9,65.1,27795278848,11508656128,20149188,316760554
14.4,65.1,27795278848,11508725760,20149262,316760732
14.3,65.0,27795278848,11508803584,20149379,316760732
21.4,65.0,27795278848,11508824064,20162647,317296922
10.5,65.1,27795278848,11508848640,20171198,317297311
11.6,65.1,27795278848,11508971520,20176275,317822872
14.3,65.1,27795278848,11509147648,20176275,317822872
11.9,65.1,27795278848,11509483520,20199530,318436025
11.2,65.1,27795278848,11509491712,20208051,318437399
11.7,65.1,27795278848,11509549056,20208187,318437399
10.5,65.1,27795278848,11509585920,20208187,318437399
13.2,65.2,27795278848,11509594112,20220625,318822643
11.2,65.2,27795278848,11509618688,20229478,318824168
12.8,65.2,27795291136,11509639168,20237890,318824619
10.7,65.2,27795291136,11509680128,20252856,318987861
14.0,65.2,27795291136,11509749760,20253019,318988244
14.8,65.2,27795291136,11509786624,20265598,319417993
11.8,65.2,27795356672,11509798912,20274394,319419467
12.2,65.2,27795356672,11509946368,20284809,319644882
12.4,65.2,27795356672,11509962752,20293386,319646125
10.6,65.1,27795356672,11510224896,20293460,319646226
14.2,65.2,27795356672,11510278144,20293562,319646226
13.2,65.1,27795356672,11510368256,20314866,319949986
10.3,65.2,27795356672,11510511616,20325600,320138611
14.5,65.2,27795356672,11510581248,20325770,320138739
15.7,65.2,27795414016,11510597632,20325770,320138739
11.6,65.2,27795414016,11510634496,20338153,320531440
12.8,65.2,27795414016,11510638592,20357571,320538271
24.0,65.2,27795414016,11510753280,20367875,320738896
10.6,65.2,27795414016,11510851584,20376367,320740042
13.7,65.2,27795414016,11510851584,20376367,320740042
17.1,65.2,27795414016,11510929408,20388031,321034789
11.5,65.2,27795487744,11511191552,20398718,321247217
19.7,64.6,27795487744,11511265280,20407138,321248359
15.5,64.3,27795536896,11526338560,20407412,321248359
12.3,64.4,27795748352,11539507200,20408152,321248744
14.4,64.4,27795748352,11539589120,20420435,321559138
11.0,64.4,27795748352,11540015104,20430160,321674060
11.1,64.4,27795748352,11540162560,20438962,321675517
13.6,64.3,27795748352,11540264960,20451252,322073263
12.1,64.3,27795748352,11540314112,20459571,322073533
10.3,64.3,27795748352,11540326400,20459672,322074679
12.7,64.3,27795748352,11540326400,20459843,322074799
11.1,64.3,27795748352,11540453376,20480485,322478689
26.8,64.4,27795748352,11540592640,20493144,322483073
12.8,64.4,27795748352,11540707328,20493218,322483251
10.2,64.4,27795748352,11540793344,20504329,322493126
10.7,64.4,27795748352,11540817920,20527113,322813178
11.6,64.3,27795748352,11541473280,20538195,323057095
12.6,64.3,27795748352,11541796864,20546581,323057956
14.1,64.3,27795813888,11541866496,20546581,323057956
13.4,64.5,27795830272,11543119872,20546819,323058131
10.8,64.4,27795846656,11543205888,20559049,323473672
11.3,64.4,27795846656,11543296000,20567650,323474875
14.2,64.3,27795846656,11543308288,20568121,323475315
12.8,64.3,27795846656,11543312384,20589954,323855410
12.1,64.3,27795846656,11543549952,20590016,323855410
11.0,64.3,27795846656,11543554048,20601871,324084649
12.4,64.3,27795846656,11543574528,20610270,324085631
12.9,64.3,27795858944,11543578624,20610494,324085990
14.7,64.3,27795908096,11543853056,20621646,324398491
12.4,64.3,27795949056,11543959552,20630138,324399385
11.9,64.3,27795957248,11544086528,20630539,324399933
22.3,64.3,27795957248,11545241600,20641142,324627439
12.9,64.3,27795957248,11545401344,20641451,324627741
11.6,64.3,27795957248,11545442304,20641451,324627741
11.2,64.3,27795957248,11545810944,20650948,324632621
14.1,64.3,27795965440,11545921536,20651304,324633409
13.1,64.3,27795965440,11546208256,20651378,324633587
12.6,64.3,27795965440,11546224640,20651545,324633661
11.5,64.3,27795965440,11546232832,20651545,324633661
9.9,64.3,27795965440,11546318848,20651607,324633661
12.0,64.3,27795965440,11546626048,20660418,324652777
21.2,64.3,27795965440,11546695680,20660418,324652777
30.1,64.7,27796030976,11547428864,20664513,324654269
19.7,64.6,27796084224,11547744256,20666177,324656191
9.2,64.6,27796424192,11550468096,20666557,324656499
11.9,64.5,27796515328,11552561152,20666666,324656619
25.6,64.5,27796515328,11552598016,20666839,324656868
14.9,64.5,27796515328,11552598016,20666901,324656868
13.4,64.5,27796515328,11553126400,20667009,324656922
10.0,64.9,27796539904,11553458176,20667173,324656996
22.3,64.9,27796539904,11553466368,20667396,324657289
19.7,65.0,27796539904,11553474560,20667575,324657541
23.2,61.8,27796539904,11553777664,20670195,324669625
14.0,60.0,27796539904,11553777664,20670195,324669625
10.5,60.1,27796539904,11553859584,20679557,324676199
12.0,60.1,27796539904,11553859584,20679654,324676307
11.1,60.1,27796539904,11554002944,20679716,324676307
16.7,60.1,27796539904,11554007040,20679716,324676408
10.9,60.1,27796605440,11554105344,20679864,324676586
10.6,60.1,27796605440,11554109440,20680031,324676660
13.0,60.2,27796605440,11554211840,20680140,324676780
13.8,60.2,27796605440,11554285568,20680528,324677054
10.4,60.2,27796605440,11554289664,20680952,324677054
10.6,60.2,27796605440,11554342912,20681553,324677214
13.3,60.2,27796605440,11554576384,20681670,324677280
17.7,60.3,27796802048,11569563648,20682020,324677869
13.2,60.3,27796867584,11578386432,20682261,324678047
12.3,60.3,27796867584,11578660864,20682261,324678121
11.7,60.3,27796867584,11578882048,20682409,324678332
11.1,60.3,27796867584,11578972160,20682471,324678406
14.5,60.3,27796867584,11579136000,20682526,324678472
14.3,60.3,27796867584,11579521024,20686175,324678945
11.6,60.3,27796867584,11579738112,20691823,324757175
10.6,60.3,27796869632,11579912192,20692115,324757496
11.4,60.3,27796873728,11579953152,20701879,324764445
13.8,60.3,27796873728,11580157952,20702096,324764619
44.1,61.2,27796873728,11580215296,20702158,324764619
45.4,61.4,27798047744,11580653568,20702328,324764927
18.4,61.6,27799307264,11581059072,20712201,324829550
15.0,61.6,27799405568,11581829120,20712357,324829676
13.0,61.5,27799405568,11582275584,20712486,324829843
13.6,61.0,27799421952,11582570496,20712548,324829843
15.6,61.1,27799421952,11582840832,20714415,324831478
11.7,61.0,27799421952,11583021056,20715804,324839318
10.4,61.0,27799421952,11583188992,20715866,324839384
13.1,61.0,27799421952,11583197184,20715975,324839504
12.0,60.9,27799487488,11583201280,20716255,324839724
65.3,61.8,27805083648,11588288512,20716255,324839724
71.1,62.7,27825511936,11602124800,20730007,324850432
45.4,62.6,27827275776,11604463616,20759949,325068715
48.0,62.2,27830308864,11608064512,20783629,325081528
40.4,61.6,27831517696,11610976768,20822969,325125185
15.1,61.5,27831521792,11611279872,20828691,325188521
36.0,61.8,27831587328,11611841024,20853605,325229585
24.9,62.0,27831661056,11612574208,20859744,325335841
19.3,62.1,27831661056,11613127168,20866768,325494406
9.0,62.1,27831824896,11613803008,20886571,326728405
32.7,62.0,27831955968,11614360064,20888128,326728979
27.4,62.0,27831968256,11614863872,20889250,326734088
18.0,61.9,27831968256,11615281664,20904256,327491309
23.9,62.0,27840201216,11617071616,20904529,327491595
14.1,61.9,27842351616,11625509376,20908434,327492255
6.3,61.9,27843457536,11630674432,20915159,327509849
17.7,61.9,27843490304,11631137280,20922663,327980983
8.7,61.9,27843490304,11631202816,20922737,327981215
25.5,61.9,27843490304,11631206912,20929638,328353805
3.5,61.9,27843490304,11631325696,20929742,328353847
24.2,62.2,27843490304,11631383040,20934866,328356080
19.8,61.9,27843490304,11631981056,20938642,328824345
12.2,61.8,27843490304,11632161280,20965624,328834132
8.3,61.9,27843490304,11632230912,20976368,328841802
7.3,62.0,27843490304,11632312832,20985790,329354410
9.8,61.9,27844292608,11632640512,20985864,329354588
12.6,61.9,27844292608,11632742912,20986086,329354728
10.3,61.8,27844292608,11632751104,20995777,329930942
9.8,61.9,27844309504,11632779776,20995832,329931008
4.7,61.8,27844375040,11632837120,20999488,329931623
8.5,61.8,27844375040,11632964096,21004070,330459822
8.3,61.7,27844375040,11633734144,21004132,330459822
19.2,61.6,27844375040,11633754624,21011772,330940423
6.9,61.6,27844375040,11633816064,21011827,330940489
25.5,62.2,27844375040,11633816064,21012418,330940563
7.4,62.1,27844452864,11634090496,21027663,331457904
12.4,62.1,27844452864,11634553344,21031752,331459286
11.3,62.0,27844452864,11634602496,21031752,331459286
12.2,61.7,27844452864,11634606592,21039442,331952873
8.1,61.7,27844452864,11634708992,21039578,331953051
13.0,61.8,27844452864,11634708992,21039652,331953152
10.7,61.8,27844485632,11634860544,21043159,331953688
11.7,61.7,27844485632,11634872832,21056168,332649910
11.1,61.7,27844485632,11634946560,21059886,332650339
6.8,61.7,27844485632,11635040768,21063487,332650735
8.2,61.8,27844485632,11635077632,21067442,333089625
10.2,61.7,27844485632,11635094016,21067504,333089625
12.2,61.7,27844485632,11635122688,21082793,333517843
14.6,61.8,27844485632,11635126784,21082965,333517909
10.4,61.8,27844518400,11636670976,21083183,333518195
9.9,61.8,27844518400,11636929024,21087425,333524117
11.5,61.7,27844518400,11637113344,21090622,333909169
11.2,61.6,27844518400,11637232128,21096641,334234435
16.0,61.8,27844518400,11637236224,21096812,334234555
7.3,61.8,27844518400,11637256704,21106764,334481884
17.0,61.8,27844518400,11637293568,21106838,334481985
11.9,61.6,27844518400,11637350912,21114541,334984299
10.5,61.7,27844518400,11637502464,21114754,334984427
11.2,61.8,27844518400,11637506560,21114871,334984493
5.0,61.8,27844518400,11637531136,21118323,334984675
16.4,61.9,27844518400,11637535232,21126156,335462384
9.8,61.9,27844518400,11637764608,21126218,335462384
15.8,61.8,27844518400,11638080000,21126436,335462636
14.0,61.9,27844518400,11638080000,21133023,335780204
8.1,61.7,27844518400,11638137344,21136480,335780862
9.0,61.8,27844518400,11638391296,21136687,335781010
25.5,61.8,27844669952,11638817280,21144273,336110789
12.2,61.8,27844669952,11638829568,21157059,336116776
9.3,61.7,27844669952,11638858240,21157272,336116938
9.3,61.7,27844719104,11638874624,21166153,336261290
8.7,61.7,27844719104,11638882816,21166479,336261564
10.7,61.7,27844719104,11638903296,21166615,336261665
12.1,61.7,27844719104,11638944256,21173399,336559395
9.2,61.7,27844719104,11638948352,21177673,336561121
8.7,61.7,27844719104,11639128576,21181206,336561862
10.1,61.7,27844743680,11639128576,21188882,336887678
7.1,61.6,27844743680,11639292416,21192477,336888508
10.1,61.6,27844743680,11639292416,21192477,336888508
10.9,61.6,27844743680,11639337472,21196599,336896881
17.0,61.8,27855080448,11639370240,21199621,337006790
44.0,62.2,27862614528,11642212864,21209523,337332204
36.5,62.2,27867283968,11646730752,21218912,337362832
41.5,62.3,27870790144,11650851328,21223036,337384165
42.4,62.2,27873743360,11657273856,21232671,337539870
22.8,62.2,27875557888,11660730880,21239941,337547076
24.2,62.3,27875561984,11660947968,21240003,337547076
21.8,62.4,27875561984,11661455872,21261844,337819288
31.5,62.9,27875561984,11661500928,21261899,337819288
15.4,62.8,27875578368,11662148096,21270952,337975979
55.8,63.2,27875758592,11662410240,21271170,337976199
38.5,63.5,27878101504,11682550272,21314664,338028256
49.3,63.1,27887121408,11702936064,21337070,338323119
46.6,63.3,27901370368,11728101888,21337341,338323911
25.4,63.2,27903385600,11747488256,21343516,338447431
23.0,63.3,27903627264,11750019584,21344014,338447532
29.7,63.2,27903705088,11750334976,21357573,338697417
9.2,63.1,27907781120,11750552064,21361299,338698564
15.7,63.1,27907781120,11750576640,21365301,338704337
15.9,62.8,27907781120,11750838784,21370053,338805885
7.9,63.2,27907797504,11750863360,21385820,338945357
11.2,63.3,27907863040,11751170560,21389564,338945952
9.8,63.3,27907895808,11751457280,21389924,338946546
8.7,63.8,27909288448,11776623104,21407446,339212614
41.0,64.0,27909734912,11778105856,21411126,339213701
38.3,65.3,27909803520,11778785792,21436278,339354171
31.8,65.4,27909869056,11779236352,21439272,339354773
8.9,65.0,27909869056,11779543552,21450423,339362074
12.7,64.2,27909869056,11779637760,21456689,339654265
15.9,63.9,27909869056,11779863040,21460399,339655006
11.9,63.7,27909869056,11780239872,21460515,339655149
26.3,63.7,27909869056,11780628992,21466904,339923004
11.7,63.7,27909869056,11780669952,21470948,339924024
10.1,63.6,27909869056,11780776448,21478233,340075236
18.7,63.7,27909869056,11780887040,21484008,340084072
11.3,63.6,27909869056,11780899328,21484082,340084250
13.0,63.6,27909869056,11781030400,21490546,340416817
11.6,63.6,27910000128,11781222912,21494100,340417568
10.3,63.4,27910000128,11781235200,21494291,340417735
8.3,63.4,27910000128,11781415424,21499516,340557306
24.4,63.6,27910000128,11781566976,21503249,340558303
20.9,63.5,27910098432,11782685184,21503311,340558303
10.1,63.5,27910168064,11782840832,21503385,340558481
11.9,63.5,27910168064,11782844928,21516055,340891028
12.0,63.3,27910184448,11782849024,21516163,340891082
12.6,63.4,27910184448,11782849024,21516483,340891376
15.8,63.4,27910249984,11783180800,21526292,341197661
23.3,64.0,27910249984,11783180800,21536107,341203075
10.8,63.8,27910249984,11783225856,21536333,341203261
11.7,63.9,27910249984,11783246336,21545714,341324252
10.9,63.8,27910249984,11783508480,21545714,341324252
15.6,63.4,27910249984,11783508480,21552557,341641926
9.8,63.4,27910249984,11783565824,21552557,341641926
15.5,63.3,27910249984,11783578112,21557844,341794589
7.9,63.4,27910249984,11783651840,21568380,341884341
12.0,63.4,27910249984,11784000000,21568485,341884415
7.8,63.4,27910249984,11784040960,21578413,342162385
10.2,63.4,27910249984,11784045056,21578683,342163234
13.7,63.3,27910249984,11784057344,21584987,342335731
8.2,63.3,27910249984,11784061440,21588752,342336850
10.9,63.3,27910282752,11784376832,21588854,342336924
8.3,63.3,27910282752,11784638976,21598832,342648618
11.0,63.4,27910282752,11784688128,21598906,342648719
11.1,63.4,27910282752,11784700416,21603779,342738308
8.4,63.4,27910282752,11784708608,21607502,342739427
11.7,63.4,27910282752,11784962560,21617567,343040971
9.3,63.4,27910282752,11784970752,21626859,343046228
11.3,63.4,27910282752,11784974848,21626859,343046228
13.3,63.3,27910282752,11786105344,21632428,343172884
24.8,63.6,27910336000,11786523136,21636202,343173819
13.1,63.6,27911286272,11790430720,21642175,343422312
10.7,63.6,27911466496,11791094272,21642345,343422366
10.4,63.6,27911466496,11791106560,21647584,343619946
23.4,63.5,27911482880,11791168000,21651683,343620866
11.8,63.3,27911515648,11791389184,21652107,343620866
8.6,63.5,27911515648,11791557120,21662929,343927973
10.8,63.5,27911826944,11793457664,21663200,343928640
12.7,63.5,27911826944,11793461760,21678564,344119451
15.9,63.4,27911826944,11793494528,21684412,344125828
9.9,63.6,27911892480,11793580544,21690413,344238624
12.7,63.6,27911892480,11793584640,21694030,344239466
6.1,63.6,27911892480,11793883648,21694030,344239466
11.2,63.6,27911892480,11793904128,21701030,344478656
16.9,63.6,27911892480,11793908224,21707327,344575492
8.2,63.6,27911892480,11794121216,21710991,344576378
10.7,63.6,27911892480,11794440704,21711232,344576553
12.2,63.5,27911892480,11794506240,21720848,344582508
28.3,63.2,27911892480,11794518528,21726969,344852798
13.8,63.0,27911892480,11794518528,21735337,344990355
9.0,63.0,27911892480,11794539008,21735337,344990409
14.5,63.0,27911892480,11794649600,21743112,345331731
10.4,63.0,27911892480,11794805248,21746666,345332438
13.6,63.0,27911892480,11794817536,21746666,345332438
12.3,63.0,27911892480,11795014144,21756689,345452013
9.0,63.1,27911892480,11795046912,21756763,345452191
9.1,63.1,27911892480,11795100160,21756825,345452191
7.0,63.1,27911892480,11795137024,21766905,345743047
12.0,63.2,27911892480,11795239424,21766905,345743047
10.9,63.2,27911892480,11795239424,21772692,345884973
18.4,63.2,27911892480,11795669504,21776300,345886004
10.6,62.9,27911919104,11795970560,21776436,345886105
12.2,62.9,27911919104,11796244992,21786572,346210801
12.0,62.9,27911919104,11796285952,21786572,346210801
27.7,62.9,27911919104,11796294144,21808409,346434019
10.1,62.9,27911919104,11796302336,21812747,346493325
11.0,63.0,27911919104,11796400640,21813010,346494085
10.3,63.0,27911919104,11796453888,21823664,346499152
15.3,63.1,27911919104,11796470272,21823664,346499152
26.8,63.1,27911919104,11796482560,21833692,346790682
11.0,63.1,27911919104,11796572672,21833766,346790860
11.1,62.9,27911919104,11796572672,21844146,347080529
8.0,62.9,27911919104,11796613632,21844472,347080803
16.7,63.1,27911919104,11796691456,21849152,347143112
21.2,63.0,27911919104,11796720128,21853345,347204056
14.6,63.0,27911919104,11797006848,21859831,347220706
11.1,63.0,27911919104,11797170688,21867146,347537544
7.6,63.0,27911919104,11797252608,21867400,347537805
13.4,63.1,27911919104,11797375488,21873129,347709863
10.1,63.0,27911931392,11797412352,21873238,347709983
12.5,63.0,27911947776,11797486080,21878937,347763237
8.8,63.0,27911947776,11797572096,21882448,347990574
8.5,63.0,27911947776,11797723648,21882666,347990794
15.4,63.1,27911947776,11797789184,21892163,348140840
9.1,63.0,27911947776,11797916160,21892292,348141007
10.9,63.0,27911947776,11797920256,21903190,348466726
13.9,63.0,27911964160,11798055424,21908562,348468207
11.1,62.9,27911964160,11798088192,21914117,348470704
10.8,63.0,27911964160,11798096384,21925459,348742773
6.6,63.0,27911964160,11798108672,21929222,348743836
9.8,63.0,27911976448,11798661632,21929222,348743836
10.8,63.0,27911976448,11798731264,21929358,348743937
7.9,63.0,27911976448,11798788608,21939167,349020917
20.1,62.9,27911992832,11798874624,21943586,349041950
10.6,62.6,27911992832,11805084160,21945711,349190487
14.5,62.6,27911992832,11805170176,21949489,349191416
11.6,62.6,27912054272,11805256192,21949551,349191416
13.7,62.7,27912054272,11805325824,21956337,349556870
7.1,62.7,27912087040,11805346304,21959867,349557452
9.7,62.7,27912087040,11805374976,21961545,349558097
13.1,62.7,27912087040,11805403648,21961798,349558349
15.5,62.7,27912975872,11805473280,21971410,349808572
13.2,62.7,27912975872,11805739520,21976931,349932782
19.9,62.7,27912984064,11806009856,21980723,349933787
19.7,62.8,27912984064,11806009856,21984185,349937957
18.6,62.9,27913180672,11806624256,21987737,350302118
16.5,62.7,27914196480,11810834944,22000985,350308903
10.4,62.8,27914196480,11810863616,22001059,350309004
8.7,62.9,27914196480,11810863616,22007752,350494604
9.7,62.9,27914196480,11810875904,22011572,350495539
15.4,62.8,27914204672,11811768832,22011736,350495613
18.1,62.9,27914229248,11811990016,22018199,350755345
8.8,62.9,27914229248,11812059648,22023122,350889824
18.2,63.0,27914266112,11812108800,22026701,350890731
5.9,62.9,27914266112,11812141568,22026701,350890731
15.0,62.9,27914266112,11812153856,22026837,350890832
14.3,62.9,27914266112,11812276736,22033677,351203227
13.0,62.7,27914266112,11812456960,22037236,351203977
7.3,62.9,27914266112,11812669952,22044131,351364227
19.8,63.0,27914511872,11812727296,22047786,351364896
23.8,63.0,27916707328,11813050880,22047848,351364896
20.8,63.0,27916756480,11813087744,22051301,351365078
16.4,62.7,27916756480,11813091840,22058693,351703346
17.6,62.8,27916813824,11813100032,22071100,351714508
20.5,62.8,27916813824,11813390848,22071202,351714508
18.7,62.8,27916830208,11813657088,22081319,352099256
18.5,62.8,27916830208,11813870080,22094333,352105148
21.7,62.9,27916838400,11813935616,22094333,352105148
15.7,62.8,27916936704,11813947904,22102867,352255362
19.8,63.0,27916936704,11813956096,22102867,352255362
21.9,62.9,27916936704,11813964288,22108553,352447521
19.1,63.0,27916936704,11814001152,22124125,352529263
25.3,63.0,27916936704,11814058496,22127574,352530644
31.3,62.9,27916944896,11814636032,22131527,352590500
29.0,62.6,27916944896,11815209472,22136820,352662054
26.9,62.4,27916951040,11816002048,22139681,352688095
26.6,62.5,27916951040,11816411648,22153672,352701592
23.8,62.4,27916951040,11816714752,22167243,352729149
19.1,62.5,27916967424,11816735232,22173401,352774088
22.3,62.6,27916983808,11816948224,22178121,352828892
21.9,62.6,27916983808,11817165312,22183125,352889948
20.4,62.6,27916983808,11817202176,22192257,352969052
21.6,62.4,27917032960,11817542144,22198711,353059492
33.9,62.5,27917032960,11817599488,22205881,353170358
27.3,62.6,27917032960,11817943552,22208312,353223416
17.4,62.6,27917049344,11817980416,22212526,353270305
21.4,62.5,27917049344,11818017280,22220816,353318465
21.1,62.4,27917049344,11818029568,22223761,353365064
21.3,62.4,27917049344,11818033664,22230623,353416744
21.7,62.4,27917049344,11818320384,22234111,353485665
21.6,62.4,27917049344,11818455552,22242868,353785550
16.1,62.4,27917049344,11818504704,22249242,353997174
23.3,62.5,27917049344,11818541568,22249516,353997174
30.7,62.5,27917049344,11818824192,22250796,353997812
21.1,62.5,27917131264,11820847616,22250972,353998064
17.8,62.4,27917131264,11821179392,22251197,353998064
19.4,62.4,27917131264,11821232640,22251251,353998238
23.9,62.4,27917131264,11821408768,22251313,353998238
19.8,62.4,27917131264,11821449728,22251313,353998238
21.3,62.4,27917131264,11821523456,22251313,353998238
17.1,62.4,27917131264,11821634048,22256900,354008397
20.0,62.4,27917131264,11821711872,22257223,354008691
21.2,62.4,27917131264,11821720064,22257531,354009033
27.8,62.4,27917131264,11821744640,22264723,354088778
23.8,62.4,27917131264,11821785600,22265081,354097770
26.6,62.4,27917131264,11822006784,22281147,354106971
13.9,62.4,27917131264,11822014976,22281355,354107174
24.7,62.4,27917147648,11822072320,22281417,354107174
20.1,62.4,27917147648,11822350848,22281596,354107349
20.0,62.4,27917147648,11822588416,22281942,354107655
22.4,62.3,27917147648,11822723584,22282091,354107847
19.9,62.4,27917147648,11822727680,22282309,354108067
18.4,62.4,27917147648,11822887424,22282371,354108067
33.5,62.4,27917147648,11822944768,22282371,354108067
23.2,62.4,27917147648,11822948864,22282433,354108067
18.8,62.3,27917254144,11822952960,22282616,354108288
25.7,62.4,27917254144,11823051264,22282721,354108362
20.6,62.4,27917254144,11823534592,22282857,354108540
25.9,62.4,27917258240,11823538688,22282857,354108540
19.4,62.3,27917258240,11823727104,22282919,354108540
19.5,62.3,27917258240,11823743488,22283192,354108826
23.1,62.4,27917258240,11823755776,22283192,354108826
19.6,62.4,27917274624,11826790912,22283437,354108966
18.8,62.5,27917274624,11826815488,22283718,354109215
22.3,62.5,27917274624,11826979328,22284027,354109464
20.5,62.3,27917274624,11827118592,22296399,354118189
23.3,62.5,27917274624,11827466752,22296474,354118275
21.2,62.5,27917274624,11827483136,22296708,354118439
19.1,62.5,27917274624,11829445120,22297151,354119003
23.6,62.5,27917274624,11829735936,22297431,354119297
28.6,62.3,27917274624,11829879296,22297540,354119417
22.5,62.4,27917274624,11830034944,22297781,354119592
18.4,62.3,27917274624,11830080000,22297855,354119770
18.9,62.3,27917274624,11830383104,22297855,354119770
22.2,62.3,27917274624,11830460928,22297917,354119770
18.6,62.2,27917286912,11830465024,22298080,354119890
19.9,62.2,27917286912,11830997504,22298142,354119890
33.5,62.2,27917286912,11831001600,22298142,354119964
22.9,62.3,27917286912,11831099904,22298318,354120139
20.1,62.4,27917286912,11831353856,22298703,354120433
22.2,62.4,27917286912,11831390720,22298926,354120803
20.9,62.3,27917286912,11831714304,22298988,354120877
22.9,62.3,27917286912,11831722496,22298988,354120877
18.7,62.4,27917286912,11832029696,22298988,354120877
18.8,62.9,27917286912,11832087040,22318942,354127856
19.8,62.9,27917319680,11832222208,22330486,354143098
13.9,62.9,27917319680,11832300032,22339054,354193993
22.1,63.2,27917581824,11836162560,22345181,354267141
36.4,63.2,27930553344,11837600256,22352177,354333298
30.7,63.1,27941148160,11839459840,22366850,354405815
25.5,62.8,27943520256,11842798080,22387951,354486884
26.3,62.6,27943520256,11843187200,22392488,354548156
28.8,62.6,27943520256,11843625472,22401757,354563078
25.9,63.1,27943618560,11844919808,22407497,354652300
23.5,63.2,27943684096,11845448192,22414182,354713613
22.0,63.2,27943729152,11845706240,22424147,354780389
22.2,63.2,27943729152,11845943808,22429230,354868537
23.0,63.0,27943729152,11846267392,22433606,354956480
22.9,62.8,27943729152,11846468096,22437073,355021532
16.6,62.6,27943729152,11846636032,22442021,355082561
22.8,62.8,27943729152,11846754816,22445171,355136986
29.9,63.0,27943729152,11846816256,22448278,355189958
21.7,63.0,27943729152,11846980096,22474938,355284806
24.9,63.0,27943729152,11847365120,22490825,355602384
19.9,63.0,27943802880,11847447040,22510773,356511874
18.6,63.1,27943802880,11847447040,22530962,357350489
38.2,63.0,27943802880,11847549440,22531024,357350489
17.8,63.0,27943802880,11847623168,22531453,357351045
24.7,62.9,27943802880,11847721472,22541416,357351797
25.7,62.9,27943802880,11847995904,22549879,357961820
16.9,62.9,27943802880,11848004096,22562289,358234022
22.8,62.8,27943802880,11848102400,22562639,358234328
20.9,62.8,27943802880,11848110592,22562639,358234394
20.9,62.8,27943802880,11848380928,22588724,359012788
20.8,62.8,27943802880,11848413696,22588724,359012788
21.6,63.2,27943802880,11849421312,22588832,359012842
23.6,62.9,27943802880,11849536000,22588949,359012908
29.7,62.9,27943802880,11849630208,22597911,359018980
21.6,62.6,27943950336,11849884160,22603452,359535145
25.1,62.6,27943958528,11850072576,22603674,359535471
21.9,62.6,27943991296,11854729728,22624577,359904256
35.8,62.2,27944105984,11863216640,22624748,359904376
22.9,61.9,27944105984,11886719488,22645384,360276634
24.1,61.9,27944105984,11886883328,22645446,360276634
38.2,62.3,27944294400,11887108608,22655562,360441683
30.7,62.9,28047520256,11887867392,22658499,360780650
31.3,63.5,28126511616,11888092672,22667172,360786628
43.9,63.7,28191896064,11888092672,22667246,360786806
40.0,63.9,28191896064,11888502272,22681747,361402963
44.5,64.0,28191896064,11888723456,22690070,361403017
48.7,64.3,28191912448,11888801280,22700728,361608090
34.3,63.9,28191912448,11888854528,22713674,362083529
29.3,63.1,28192163328,11889498624,22713674,362083529
39.3,63.5,28200258560,11889596928,22713810,362083630
42.8,63.9,28211445760,11889641984,22713989,362083882
27.5,63.3,28219258368,11889682944,22736158,362646989
20.7,63.2,28231416320,11889695232,22736267,362647183
18.6,63.3,28247207424,11890424320,22758298,363194748
21.8,63.1,28251508736,11890510336,22758454,363194748
20.9,63.6,28252654592,11890510336,22758454,363194874
31.9,62.4,28252740608,11944724992,22767009,363195157
21.2,62.2,28252740608,11944770048,22782195,363869549
20.0,62.5,28310707200,12116595200,22782303,363869603
16.0,62.9,28310707200,12116742656,22792806,364028164
25.0,62.9,28325612544,12386178560,22801330,364028957
33.9,62.9,28325612544,12386215424,22812015,364035507
20.8,63.3,28325710848,12386223616,22824640,364416465
22.0,63.3,28325710848,12386768384,22844472,364429498
31.8,64.2,28325719040,12392138240,22854738,364582310
17.9,61.9,28331560960,12652963328,22863617,364583879
18.6,61.8,28334333440,12654703104,22864189,364583965
10.3,61.7,28335664640,12660421120,22876425,364916065
9.1,61.7,28335762944,12662514176,22885008,364917207
7.9,61.8,28335762944,12664283648,22885083,364917293
10.6,61.8,28335779328,12666040832,22895023,365040850
11.2,61.9,28335779328,12667748864,22903808,365041874
38.9,62.3,28335783424,12669526528,22913046,365050882
42.1,62.6,28335824896,12676781056,22932847,365529675
5.2,62.7,28336264704,12679996416,22934703,365535766
4.7,62.7,28336264704,12680762368,22934703,365535766
5.1,62.6,28336264704,12680856576,22934765,365535766
3.5,62.6,28336281088,12681036800,22934994,365536100
10.4,62.6,28336281088,12681380864,22939034,365547235
6.3,62.2,28336281088,12681450496,22939034,365547235
9.7,62.1,28336281088,12681982976,22939108,365547514
1.7,62.1,28336281088,12682126336,22948605,365552834
2.5,62.1,28336281088,12682130432,22948816,365553028
2.0,62.1,28336281088,12682273792,22948878,365553028
1.0,62.1,28336281088,12682351616,22949298,365553428
8.5,62.1,28336281088,12682486784,22949458,365553428
0.7,62.1,28336281088,12682503168,22951282,365561290
4.3,62.1,28336281088,12682732544,22951796,365565146
3.1,62.1,28336281088,12682851328,22952111,365565499
1.6,62.1,28336346624,12682990592,22952111,365565499
1.6,62.1,28336346624,12683023360,22952111,365565499
1.1,62.1,28336346624,12683035648,22952173,365565499
7.5,62.2,28336346624,12683092992,22952500,365565839
4.9,62.2,28336363008,12683387904,22952562,365565839
1.9,62.2,28336363008,12683387904,22952636,365566017
1.0,62.2,28336363008,12683396096,22952636,365566017
0.8,62.2,28336363008,12683400192,22952877,365566192
1.2,62.2,28336461312,12683572224,22953034,365566332
2.1,62.2,28336461312,12683637760,22953096,365566332
4.0,62.1,28336461312,12683691008,22953096,365566332
4.1,62.2,28336481792,12683691008,22953204,365566386
1.6,62.2,28336514560,12684932096,22964220,365573712
2.0,62.1,28336514560,12684997632,22964403,365574010
2.3,62.1,28336514560,12685087744,22964551,365574189
1.6,61.9,28336534528,12685308928,22964878,365574435
2.2,61.9,28336550912,12685579264,22965158,365574655
1.5,61.8,28336636416,12685587456,22965158,365574655
4.1,61.8,28336636416,12685603840,22971509,365663726
1.3,61.8,28336636416,12685751296,22971645,365663883
0.8,61.8,28336751104,12686488576,22971867,365664135
2.0,61.8,28336751104,12686615552,22971929,365664135
1.4,61.8,28336751104,12686681088,22972108,365664236
1.4,61.8,28336755200,12686767104,22972319,365664504
1.7,61.8,28336755200,12686783488,22972423,365664546
11.8,61.8,28336755200,12686795776,22972843,365664946
3.7,61.8,28336755200,12686865408,22972905,365664946
1.2,61.9,28336755200,12686926848,22979190,365699982
1.2,61.9,28336755200,12687062016,22979319,365700226
3.3,61.9,28336755200,12687094784,22979779,365700651
1.4,61.9,28336755200,12687115264,22979884,365700725
1.2,61.9,28336755200,12687127552,22979946,365700725
8.7,62.0,28336775680,12687332352,22980196,365701198
2.5,61.9,28336841216,12687856640,22984130,365711620
1.4,61.9,28336841216,12688438272,22984192,365711620
2.7,61.9,28336841216,12688528384,22984266,365711798
4.4,61.9,28336865792,12688569344,22984752,365711798
1.1,61.9,28337021440,12688770048,22986472,365716430
1.8,61.9,28337021440,12688851968,22988165,365723455
1.4,61.8,28337021440,12689052672,22988301,365723455
3.4,61.9,28337021440,12689470464,22988818,365723911
1.1,62.0,28337037824,12689781760,22988880,365723911
4.5,62.0,28337054208,12689880064,22988880,365723911
2.9,61.9,28337463808,12690113536,22994887,365736147
2.1,62.0,28337472000,12690252800,22999735,365752889
1.4,61.9,28337472000,12690400256,23000025,365753885
2.3,62.0,28337472000,12690408448,23001008,365755313
3.7,62.0,28337472000,12690490368,23005837,365771585
3.1,61.9,28337521152,12690543616,23009109,365788364
2.4,61.8,28337553920,12690813952,23009319,365788536
1.9,61.9,28337553920,12690813952,23009427,365788644
1.7,61.9,28337553920,12690834432,23009671,365788876
4.3,61.9,28337553920,12690834432,23009671,365788876
3.7,61.9,28337553920,12691493888,23010061,365789245
2.3,61.8,28337559552,12691571712,23010361,365789543
1.6,61.8,28337559552,12691584000,23010435,365789689
1.4,61.8,28337559552,12691604480,23010497,365789689
2.5,61.8,28337559552,12691608576,23010497,365789689
1.3,61.8,28337559552,12691706880,23010626,365789933
1.2,61.8,28337559552,12691809280,23010688,365789933
1.2,61.8,28337559552,12691813376,23010867,365790034
4.1,61.8,28337559552,12692063232,23010929,365790108
8.3,61.8,28337559552,12692067328,23010929,365790108
1.8,61.8,28337563648,12692313088,23011466,365790881
2.5,61.8,28337563648,12692382720,23011466,365790881
1.1,61.8,28337563648,12692386816,23011574,365790935
4.2,61.8,28337883136,12692399104,23011710,365791113
4.3,61.7,28337883136,12692513792,23011812,365791187
1.3,61.6,28337883136,12692599808,23012108,365791428
1.9,61.6,28337883136,12692747264,23012108,365791428
1.2,61.2,28337883136,12692931584,23012108,365791428
1.9,61.2,28337883136,12692976640,23012170,365791428
3.5,61.2,28337883136,12692984832,23012170,365791428
4.7,61.3,28337883136,12693001216,23012361,365791672
3.5,61.3,28337883136,12693066752,23012579,365791892
1.7,61.2,28337883136,12693083136,23012579,365791892
1.9,61.2,28337883136,12693173248,23012820,365792067
5.9,61.2,28337883136,12693177344,23013648,365794975
1.5,61.2,28337883136,12693238784,23015476,365808689
1.9,61.2,28337883136,12693378048,23015476,365808689
1.3,61.2,28337883136,12693386240,23015476,365808689
4.2,61.2,28337883136,12693398528,23015612,365808867
1.4,61.2,28337883136,12693443584,23015714,365808941
4.6,61.2,28338013184,12693525504,23015831,365809007
1.9,61.2,28338013184,12693591040,23016104,365809308
1.0,61.2,28338013184,12693672960,23016322,365809528
1.6,61.2,28338013184,12693828608,23016384,365809528
4.5,61.2,28338013184,12693828608,23016384,365809528
2.1,61.2,28338013184,12693869568,23016555,365809648
1.8,61.2,28338013184,12693881856,23016629,365809826
0.8,61.2,28338013184,12693885952,23016629,365809826
1.2,61.2,28338013184,12693922816,23016799,365809826
3.3,61.2,28338013184,12693984256,23016978,365810055
1.9,61.2,28338013184,12694086656,23017239,365810195
1.4,61.2,28338013184,12694127616,23017313,365810341
0.9,61.2,28338013184,12694131712,23017525,365810341
1.9,61.2,28338013184,12694180864,23018085,365810519
7.9,61.2,28338013184,12694275072,23018399,365810593
2.4,61.2,28338013184,12694279168,23018516,365810659
5.4,61.2,28338013184,12694397952,23018621,365810733
1.2,61.3,28338160640,12697629696,23019286,365811720
2.0,61.3,28338160640,12697744384,23019423,365811806
10.1,61.7,28338263040,12698715136,23020389,365812564
2.1,61.4,28338875904,12701815808,23023865,365822497
7.1,61.4,28338875904,12701832192,23023939,365822675
3.3,61.5,28338875904,12701885440,23024089,365822771
3.8,61.5,28338875904,12701889536,23024151,365822771
4.2,61.4,28338875904,12702073856,23024256,365822845
0.9,61.4,28338925056,12702254080,23024447,365823012
1.7,61.4,28338925056,12702262272,23024447,365823012
3.4,61.3,28338925056,12702262272,23024509,365823086
2.5,61.4,28338925056,12702278656,23024583,365823264
1.9,61.4,28338925056,12702831616,23024903,365823558
1.3,61.4,28338929152,12702905344,23025270,365824110
4.0,61.4,28338929152,12702905344,23027715,365834437
1.5,61.4,28338929152,12702970880,23027882,365834511
2.2,61.4,28338929152,12702974976,23027956,365834612
14.8,61.7,28338929152,12703093760,23028011,365834612
5.6,61.7,28338929152,12703134720,23028181,365834732
9.6,61.3,28338929152,12703151104,23028255,365834910
1.7,59.8,28338929152,12703265792,23028317,365834910
2.7,59.8,28339064320,12703302656,23028317,365834910
2.5,59.9,28339076608,12703556608,23035193,365844120
2.4,59.8,28339076608,12703572992,23035255,365844174
16.1,60.0,28339092992,12703872000,23043401,365853525
3.9,60.0,28340211200,12714763264,23049245,365876150
4.0,59.9,28340211200,12714841088,23049245,365876150
0.8,59.9,28340211200,12715316224,23049638,365876747
4.6,59.9,28340211200,12715340800,23049700,365876747
4.0,59.9,28340211200,12715357184,23049700,365876747
2.2,59.9,28340227584,12715705344,23049975,365877046
23.1,60.9,28340227584,12715746304,23050049,365877255
22.6,61.1,28341327872,12723072512,23050212,365877375
3.9,61.1,28342360576,12725813248,23050316,365877417
2.0,61.0,28342491648,12726296576,23050316,365877417
2.9,61.1,28342491648,12726632448,23050596,365877669
5.0,61.1,28342491648,12727144448,23050670,365877815
2.6,61.0,28342491648,12727955456,23050725,365877881
3.9,61.2,28342491648,12728406016,23050892,365877955
5.0,61.0,28342491648,12728553472,23050966,365878056
1.2,61.0,28342491648,12729331712,23051028,365878056
1.4,61.0,28342491648,12729458688,23051130,365878130
1.7,61.0,28342491648,12729597952,23051313,365878428
1.2,61.0,28342491648,12729704448,23051469,365878554
5.3,61.1,28342755840,12730105856,23051469,365878554
5.0,61.1,28342854144,12731146240,23053814,365886842
1.1,61.1,28343255552,12732276736,23054035,365886916
0.7,61.1,28343255552,12732383232,23054164,365887083
1.3,61.1,28343255552,12732866560,23054226,365887083
4.1,61.1,28343255552,12733050880,23054226,365887083
1.9,61.1,28343255552,12733415424,23054635,365887535
6.0,61.1,28343255552,12733485056,23054635,365887535
1.0,61.1,28343255552,12734029824,23054690,365887601
1.4,61.1,28343255552,12734210048,23054857,365887675
3.4,61.1,28343255552,12734443520,23055069,365887675
1.7,61.1,28343304704,12735827968,23055629,365887776
2.0,61.1,28343304704,12736114688,23055943,365887850
1.7,61.1,28343304704,12736262144,23056114,365887970
0.7,61.1,28343304704,12736495616,23056296,365888202
2.0,61.1,28343304704,12736634880,23056296,365888202
1.3,61.1,28343304704,12736954368,23056358,365888202
1.7,61.1,28343304704,12737220608,23056463,365888276
8.4,61.1,28343304704,12737404928,23056654,365888443
11.6,61.1,28345320448,12743115264,23056654,365888443
15.2,61.0,28351807488,12743135744,23056872,365888663
7.5,61.1,28363952128,12743307776,23057008,365888841
11.6,61.3,28367294464,12744811008,23057230,365889216
44.3,61.4,28372369408,12757271040,23063678,365894899
25.9,61.2,28373426176,12765295104,23093786,365942560
5.1,61.2,28374208512,12789600768,23098311,365954081
3.5,61.2,28374224896,12792168960,23098529,365954182
3.5,61.2,28374224896,12792488448,23098631,365954256
9.8,61.1,28374257664,12793881088,23102729,365965032
6.1,61.1,28374257664,12796215808,23103655,365968716
8.8,61.2,28374646784,12799074816,23113488,365996959
1.9,61.1,28375773184,12824785408,23116148,366005719
1.0,61.1,28375773184,12825805312,23116253,366005793
5.9,61.1,28375773184,12826116608,23117792,366006329
5.7,61.3,28375793664,12827021824,23135043,366070554
3.2,61.4,28376038912,12827877888,23143521,366080100
2.2,61.2,28376161792,12828586496,23144315,366081353
2.6,61.2,28376161792,12829315584,23145011,366082337
0.9,61.2,28376161792,12829762048,23145494,366082697
2.1,61.1,28376161792,12830122496,23145494,366082697
1.3,61.1,28376178176,12830499328,23145661,366082771
1.8,61.1,28376178176,12830634496,23145735,366082872
1.8,61.1,28376178176,12830773760,23145837,366082946
2.0,61.1,28376178176,12830839296,23146008,366083066
1.3,61.1,28376178176,12831216128,23146082,366083244
1.6,61.1,28376243712,12831347200,23146648,366083931
1.8,61.1,28376243712,12831638016,23147924,366085850
1.7,61.1,28376243712,12831769088,23148390,366086497
2.2,61.1,28376296960,12832956928,23153547,366095986
3.2,60.9,28376296960,12833161728,23153987,366096414
1.2,60.9,28376313344,12833759744,23154329,366096632
2.3,60.8,28376313344,12833907200,23154329,366096632
2.5,60.8,28376313344,12834001408,23154403,366096810
6.0,60.8,28376313344,12834460160,23154520,366096876
9.3,60.8,28378673152,12840424448,23154742,366097107
10.5,60.8,28384448512,12840428544,23154909,366097181
5.4,60.9,28400332800,12840883200,23154983,366097282
62.4,61.5,28400839680,12845593600,23160786,366101836
20.6,61.3,28406476800,12872827904,23216358,366165075
41.1,62.0,28407296000,12884640768,23275925,366225997
43.2,62.2,28409481216,12891301376,23318083,366283229
21.7,62.5,28414006272,12893349376,23355982,366349570
20.0,62.4,28414047232,12894696960,23371294,366408947
13.5,62.3,28414047232,12895094272,23382289,366458541
19.8,62.0,28414112768,12895327744,23401838,366511785
27.5,62.0,28414190592,12895958528,23419110,366560513
21.4,62.1,28414256128,12896228864,23467490,366604729
15.1,62.1,28414313472,12897261056,23474753,366653073
16.9,62.0,28414313472,12897506816,23481898,366705181
13.5,62.1,28414313472,12897707520,23498198,366751254
26.5,62.3,28414357504,12898694656,23504562,366805694
13.3,62.3,28414508032,12919539200,23531269,366866474
13.9,62.2,28414508544,12921718784,23545723,366917685
28.2,62.1,28414508544,12922324992,23582605,366984129
41.8,62.2,28414541312,12925143040,23589968,367041140
13.2,62.1,28415831552,12947625984,23599023,367103022
11.1,62.0,28416077312,12948158464,23605345,367158431
16.2,62.0,28416142848,12948871168,23623505,367224136
13.6,62.0,28416208384,12949178368,23644162,367272571
16.7,62.0,28416241152,12949460992,23652579,367329804
10.5,62.0,28416241152,12949526528,23662830,367383873
13.7,62.2,28416241152,12949637120,23679569,367433529
13.6,62.1,28416247808,12950644736,23692037,367487854
14.6,62.1,28416260096,12951115776,23697696,367540265
17.4,62.1,28416440320,12951918592,23713346,367603358
17.1,62.0,28416440320,12952242176,23723714,367658637
17.4,62.0,28416567296,12952995840,23737310,367729096
15.2,61.8,28416600064,12953950208,23743269,367802841
16.3,61.7,28416608256,12954175488,23750563,367884502
21.0,61.3,28416608256,12955400192,23758087,367954403
11.6,61.3,28416608256,12956198912,23764612,368027330
20.7,61.6,28416612352,12956456960,23770902,368106609
18.3,61.6,28416625152,12956887040,23783201,368173730
10.2,61.6,28416629248,12957104128,23803434,368237123
9.5,61.8,28416629248,12957136896,23807336,368296101
9.4,61.8,28416629248,12957300736,23812544,368346613
15.0,61.6,28416629248,12957390848,23816571,368414770
14.5,61.6,28416629248,12957427712,23820081,368482554
6.9,61.6,28416629248,12957435904,23824382,368552643
11.3,61.6,28416662016,12957542400,23828971,368626767
12.4,61.6,28416662016,12957546496,23833303,368686509
15.1,61.6,28416662016,12957620224,23846784,368752157
15.3,61.6,28416776704,12957939712,23851033,368823395
8.4,61.5,28416776704,12957988864,23863647,368900710
13.4,61.5,28416776704,12958328832,23868639,368995237
13.1,61.5,28416776704,12958382080,23873440,369093609
18.4,61.3,28416776704,12958394368,23879124,369184589
12.7,61.3,28416776704,12958611456,23883956,369263715
11.0,61.3,28416776704,12958701568,23888468,369337824
11.5,61.4,28416793088,12958857216,23893486,369432313
14.3,61.4,28416793088,12958894080,23899642,369499698
13.9,61.4,28416793088,12958898176,23904351,369571513
9.2,61.3,28416793088,12958910464,23909086,369633873
11.4,61.2,28416838144,12958951424,23913625,369692187
19.4,61.2,28417073664,12958984192,23917827,369764972
13.6,61.2,28417073664,12958992384,23921955,369820962
15.0,61.6,28417106432,12959062016,23934964,369879707
13.3,61.5,28417106432,12960720896,23939552,369957293
10.4,61.3,28417106432,12960761856,23944760,370030187
13.4,61.3,28417106432,12960839680,23948848,370096166
13.6,61.3,28417106432,12960860160,23953088,370162146
13.2,61.4,28417106432,12960966656,23967432,370215489
12.4,61.3,28417106432,12961036288,23974178,370271830
10.0,61.3,28417106432,12961052672,23980789,370316613
14.9,61.3,28417106432,12961404928,23986575,370370895
20.4,61.4,28417458688,12961576960,23990648,370407765
13.0,61.3,28417491456,12970563584,23998552,370434873
7.4,61.2,28417491456,12970612736,24003598,370482539
12.8,61.2,28417491456,12970702848,24007867,370529372
24.6,60.0,28417524224,12970993664,24018773,370587540
9.5,60.0,28417536512,12971112448,24026962,370672066
15.2,60.2,28417536512,12971194368,24034553,370763929
20.3,60.2,28417536512,12971563008,24043230,370877388
32.6,62.1,28417536512,12971829248,24054909,370983935
29.1,63.0,28417552896,12973246464,24068775,371105079
10.6,63.2,28417618432,12981192704,24091226,371200967
6.0,62.9,28418355712,13005232128,24097345,371278520
25.0,62.5,28418355712,13005473792,24108301,371394034
14.3,62.8,28418355712,13005912064,24118890,371507200
17.7,62.3,28418650624,13006968832,24129059,371629298
8.1,62.3,28418650624,13007427584,24136192,371725563
9.7,62.1,28418650624,13007624192,24148201,371811866
11.8,60.8,28418650624,13007984640,24169466,371872945
12.1,60.8,28418650624,13008144384,24175045,371969982
20.3,60.9,28418650624,13008361472,24184127,372067015
11.2,60.9,28418650624,13008701440,24191651,372153153
14.8,60.9,28418650624,13009336320,24206653,372224687
9.5,60.8,28418650624,13009618944,24214731,372284774
28.8,60.9,28418650624,13009836032,24223170,372474259
16.9,60.8,28418650624,13010094080,24250564,373174004
12.9,60.8,28418650624,13012961280,24291265,374842747
16.6,60.9,28418667008,13015767040,24358810,377706201
15.4,60.8,28420436480,13024303104,24393284,379173092
14.3,60.6,28421206528,13026220032,24442235,381416525
8.9,60.6,28422894080,13032253440,24464390,382297250
14.7,60.6,28423287296,13033273344,24486390,383125842
18.8,60.6,28424712704,13037602816,24552350,385955306
24.8,60.5,28426252800,13042042880,24627524,390724306
13.9,60.5,28427629056,13053188096,24692833,394528758
18.1,60.5,28428890624,13057677312,24752936,398039476
24.8,60.6,28436509184,13081081856,24851901,404870151
19.1,60.8,28440392192,13106071552,24929092,409887568
17.8,60.7,28440392192,13113231360,25009799,416625382
27.4,61.0,28440736256,13119797248,25096589,427651732
14.2,61.0,28453925376,13148854272,25212072,438222899
16.2,60.8,28457382400,13156091904,25278505,444305743
18.5,61.0,28457382400,13166938112,25371811,452539435
11.3,61.0,28457382400,13168289792,25408497,454068091
10.1,61.0,28457382400,13168908288,25442358,454700422
9.0,61.0,28457382400,13168920576,25468442,455147588
16.4,60.8,28457382400,13169297408,25503259,455722190
21.6,60.7,28457513472,13175158784,25565917,459252402
17.3,60.9,28459643392,13202126848,25616089,462362752
14.0,60.9,28459659776,13210884096,25652440,463400339
16.9,61.0,28459659776,13212874752,25679514,465170577
14.8,61.0,28459659776,13214615552,25724231,467338614
26.9,61.0,28459659776,13217757184,25768677,469695325
13.4,60.9,28459725312,13233399808,25811207,471715039
13.0,61.0,28459725312,13236815872,25853504,474351324
14.4,60.8,28459725312,13237037056,25867163,474382906
13.7,60.8,28459725312,13237315584,25878876,474418770
13.8,60.7,28459725312,13237381120,25890670,474443668
13.4,60.7,28459725312,13237553152,25895309,474469712
12.2,60.7,28459725312,13252700160,25938789,475868240
16.8,60.7,28459725312,13254834176,25968849,477299948
17.3,60.6,28459725312,13256124416,26002945,479222480
20.9,60.8,28459725312,13259663360,26077036,482992301
18.9,60.5,28459790848,13275744256,26152303,488340494
29.4,60.5,28459790848,13282977792,26231545,497397956
35.8,60.4,28459790848,13295503360,26324373,506675161
21.0,60.2,28459790848,13301512192,26434163,517305761
18.9,60.3,28459840000,13314918400,26539452,529625752
15.6,60.6,28459856384,13323507712,26628435,535445141
21.9,60.7,28459856384,13328336896,26687528,539864922
5.9,60.5,28459856384,13333391360,26765760,549471930
12.2,60.5,28459889152,13339154432,26838467,553844072
18.4,60.3,28459889152,13344925696,26915442,561404667
4.6,60.2,28459905536,13355636736,27005358,570121758
6.8,60.2,28459938304,13361428480,27121996,583448091
12.6,59.7,28459954688,13375256576,27212065,590680789
14.0,59.7,28460675584,13388314624,27276397,600780058
24.3,59.9,28460675584,13388380160,27276452,600780124
33.0,61.2,28460675584,13388560384,27276452,600780124
26.3,61.4,28468108288,13392992256,27310395,600870743
20.9,61.5,28474637312,13399238656,27408852,600892259
43.9,61.6,28488947712,13450033152,27414437,600910359
27.0,61.4,28488964096,13465282560,27439393,601185095
26.7,61.3,28489029632,13494806528,27454388,601186347
29.4,61.3,28489029632,13496776704,27465726,601472634
20.8,61.4,28489029632,13502814208,27475834,601474018
31.8,61.4,28489095168,13510404096,27476114,601474238
23.1,61.4,28489127936,13519955968,27487806,601512409
17.1,61.6,28489289728,13527656448,27489348,601532054
16.5,61.7,28489404416,13541582848,27491058,601541522
20.9,61.9,28490600448,13550499840,27503972,601544177
34.9,62.0,28491321344,13567571968,27506221,601547220
31.0,62.0,28492845056,13579503616,27509355,601567178
32.3,62.0,28493303808,13601687552,27511005,601579413
16.5,62.0,28493467648,13612685312,27520699,601591434
19.4,62.0,28501766144,13641492480,27521688,601599729
28.2,61.8,28504997888,13664958464,27535935,601622212
30.2,61.7,28505157632,13688354816,27538378,601649534
35.4,61.7,28505579520,13703452672,27548491,601660211
27.7,61.7,28506202112,13728708608,27550243,601682468
29.9,61.7,28506763264,13738383360,27551668,601701848
36.6,61.6,28507258880,13760784384,27566796,601723473
14.4,61.9,28507500544,13781207040,27569474,601753743
20.5,62.0,28508164096,13801494528,27573843,601797827
18.4,62.0,28509966336,13813528576,27576589,601827956
19.9,62.1,28510973952,13836806144,27578636,601855088
42.0,61.8,28511383552,13847816192,27581264,601892615
28.5,61.8,28512206848,13878642688,27583311,601922418
20.5,61.8,28512378880,13889832960,27585989,601956371
24.9,61.9,28512817152,13910091776,27588306,601988737
31.2,61.8,28514623488,13930854400,27589945,602012080
29.6,61.8,28517126144,13957769216,27592256,602036628
28.7,61.7,28517457920,13969758208,27594775,602067816
28.3,62.4,28518121472,14004713472,27596275,602089868
49.4,62.7,28518400000,14019147776,27598904,602125167
23.2,62.8,28518932480,14043928576,27622031,602159466
24.5,62.5,28519378944,14051440640,27633349,602192600
18.5,62.5,28519931904,14071736320,27638661,602224183
24.7,62.4,28520497152,14083549184,27641793,602264852
19.7,62.4,28524064768,14106105856,27645259,602309450
27.0,61.6,28525633536,14121121792,27661710,602372304
24.8,61.5,28526485504,14150408192,27668845,602444971
13.8,61.7,28526948352,14156957696,27674221,602526653
17.3,61.7,28527079424,14173661184,27678873,602595215
17.9,61.7,28528427008,14182926336,27684103,602679747
16.0,61.8,28528820224,14199117824,27689547,602755652
19.4,61.9,28531097600,14215698432,27695141,602845406
5.9,62.2,28531884032,14232373248,27699851,602931970
47.0,63.4,28533604352,14244395008,27704461,602995320
33.0,63.1,28535341056,14264850432,27708409,603051304
22.3,63.0,28535521280,14276872192,27719573,603098176
23.7,62.8,28535783424,14318536704,27727202,603200244
18.2,62.4,28535906304,14329112576,27732978,603327037
28.1,62.4,28536397824,14351157248,27744915,603396439
25.7,62.5,28536397824,14361675776,27827392,603474706
20.6,62.5,28536496128,14383994880,27857611,603604650
28.4,62.6,28565106688,14396495872,27869543,603763214
21.6,62.4,28577581568,14419068928,27878632,603922817
23.0,62.4,28582064640,14428805120,27885960,604047952
22.7,62.5,28584514048,14447106048,27894297,604129690
34.9,62.8,28587758080,14455822336,27901349,604280011
36.5,63.1,28599350272,14472214528,27908356,604461017
23.2,62.9,28601332736,14486927360,27927612,604628404
30.5,63.2,28601332736,14500714496,27942092,604785559
23.5,63.2,28601693184,14514292736,27959998,604981857
47.3,62.9,28602561536,14537988096,27967795,605134487
40.9,63.0,28603520000,14552504320,27975381,605328461
56.0,63.6,28603614208,14558869504,27982772,605531392
22.3,63.1,28611455488,14583969792,28009911,605671657
11.8,63.0,28613518848,14588913664,28018928,605776159
12.5,63.0,28613518848,14596253696,28025802,605888770
11.6,62.9,28613518848,14599403520,28032282,606025983
9.1,62.3,28613527040,14605953024,28038072,606142491
23.5,62.4,28613527040,14609254400,28045317,606285092
13.7,62.2,28613527040,14615545856,28061462,606396886
13.6,62.3,28613527040,14617643008,28068423,606521157
10.9,62.2,28613527040,14621841408,28082807,606650131
7.5,62.3,28613592576,14624073728,28089609,606783294
16.9,62.4,28613674496,14628632576,28096060,606895607
13.3,62.3,28613887488,14639138816,28111969,606955119
12.8,62.3,28613957120,14643476480,28121319,607043882
12.4,62.4,28613957120,14645581824,28127997,607158971
8.2,62.3,28613957120,14665701376,28135153,607258709
10.0,62.3,28613957120,14666061824,28150567,607370232
9.1,62.2,28613957120,14666164224,28157719,607481661
30.8,62.2,28613965312,14666303488,28174000,607580468
15.8,62.3,28613965312,14666369024,28179438,607667098
14.7,62.2,28613965312,14666442752,28184897,607744849
13.1,62.2,28613981696,14666754048,28191934,607856643
29.0,61.6,28613981696,14666795008,28199350,608006689
16.7,61.6,28613981696,14666962944,28207538,608155323
9.3,61.6,28613981696,14667098112,28223570,608304440
10.6,61.6,28613981696,14667503616,28231045,608459654
13.1,61.4,28613981696,14667634688,28238446,608622533
12.5,61.4,28613981696,14667786240,28255226,608792044
12.7,61.4,28613981696,14667810816,28262247,608945933
9.7,61.4,28613981696,14667819008,28277091,609062374
9.0,61.4,28613981696,14668040192,28283519,609187785
10.5,61.5,28613981696,14668191744,28290547,609344204
25.8,61.5,28613981696,14668195840,28306458,609494645
12.1,61.4,28613981696,14668404736,28314744,609662800
12.3,61.5,28613981696,14668453888,28330995,609831550
21.4,61.0,28613981696,14668457984,28340616,609864165
9.3,61.0,28613981696,14669727744,28347424,610021949
11.4,60.8,28613981696,14669850624,28356250,610023378
12.0,60.8,28613981696,14669879296,28356441,610023506
9.7,60.8,28613981696,14669928448,28367677,610067940
11.5,60.8,28613981696,14670247936,28375734,610238572
11.6,60.8,28613981696,14670395392,28391278,610380709
11.8,60.8,28613981696,14670481408,28398307,610513872
10.8,60.9,28613981696,14670489600,28405745,610663951
13.4,61.2,28613981696,14670579712,28424396,610731534
12.2,61.1,28613998080,14670649344,28440348,610902801
13.9,61.0,28613998080,14670764032,28451041,610944246
11.1,61.0,28613998080,14670764032,28467095,611091870
11.4,61.0,28614014464,14671861760,28472903,611183254
23.6,61.5,28614100480,14671980544,28473073,611183636
21.5,62.0,28614231552,14672041984,28485078,611234745
21.3,61.9,28614264320,14672173056,28490473,611246994
28.5,61.6,28614825472,14672488448,28505220,611318186
22.5,61.6,28614931968,14672803840,28520843,611396270
39.7,62.2,28614985216,14673307648,28527119,611467472
14.7,62.1,28614985216,14673401856,28534380,611567635
12.8,62.0,28615001600,14674266112,28539926,611656624
11.5,62.0,28615001600,14674556928,28547178,611762522
10.2,61.1,28615001600,14674569216,28561324,611862422
12.5,61.1,28615050752,14676387840,28567019,611960012
26.2,61.9,28615050752,14676985856,28575307,612160694
27.3,63.4,28615054848,14677149696,28587830,612473296
45.4,63.9,28615378944,14677690368,28601232,612483862
40.9,64.1,28615800832,14699554816,28618296,612525482
47.0,64.5,28620502528,14726092800,28773736,616280776
32.4,64.6,28622630400,14736480256,28948379,623875996
14.4,64.4,28623130112,14743566336,28984630,623948187
14.0,63.6,28623212032,14745118720,28984692,623948187
12.3,63.5,28623298048,14746060800,28984692,623948187
12.1,63.5,28623298048,14747809792,28984843,623948349
21.5,63.7,28623379968,14748256256,28984905,623948349
20.6,63.7,28623379968,14748473344,28985039,623948423
6.0,63.7,28623379968,14751143936,28985101,623948423
28.1,63.5,28623379968,14751569920,28985319,623948643
7.1,63.4,28623412736,14751746048,28985374,623948709
6.6,63.4,28623412736,14751782912,28985544,623948709
8.8,63.4,28623412736,14752225280,28985544,623948763
6.3,63.1,28623412736,14752536576,28985606,623948763
10.8,63.0,28623412736,14752618496,28985811,623949001
2.5,63.0,28623412736,14752634880,28985941,623949153
9.3,62.9,28623560192,14757746688,28986003,623949153
15.3,62.9,28623560192,14757890048,28986276,623949439
11.9,62.9,28624055808,14779734016,28986836,623949646
12.8,62.8,28624072192,14783076352,28987462,623949720
3.5,62.7,28624072192,14783363072,28987618,623949912
6.9,62.7,28624072192,14783498240,28994988,623954781
11.0,62.8,28624137728,14784612352,29007673,623965682
15.3,62.8,28624137728,14784931840,29008345,623966402
22.9,63.4,28624137728,14785345536,29008475,623966554
8.7,63.3,28624170496,14785542144,29008645,623966608
18.0,63.6,28624170496,14785665024,29008645,623966608
11.4,63.0,28624170496,14785693696,29023847,623981590
11.0,62.6,28624170496,14785816576,29023909,623981590
11.5,62.5,28624178688,14786070528,29024126,623981896
12.1,62.5,28624178688,14786205696,29029822,624070632
15.2,62.5,28624178688,14786217984,29037032,624078696
10.2,62.6,28624178688,14786279424,29039654,624079988
14.1,62.6,28624178688,14786459648,29041101,624080844
12.3,62.7,28624178688,14786463744,29041156,624080910
10.7,62.7,28624178688,14786512896,29041218,624080910
27.2,63.4,28624305664,14786525184,29041368,624081082
31.7,63.7,28624391680,14788061184,29050256,624128009
25.8,64.0,28625006080,14788802560,29096393,624437362
16.1,63.9,28625071616,14789531648,29101926,624644910
34.0,63.7,28625071616,14789859328,29101988,624644910
30.9,63.8,28625071616,14790019072,29152723,625869987
9.8,63.7,28625071616,14790428672,29152723,625869987
12.8,63.7,28625071616,14791018496,29164126,625871331
29.0,63.4,28625071616,14791718912,29178733,626415889
10.1,63.3,28625137152,14792271872,29180427,626421102
13.1,63.2,28625201664,14792611840,29205743,626880853
15.1,63.0,28625201664,14792980480,29208382,626885714
14.6,63.0,28625201664,14793541632,29212621,626891278
23.0,62.9,28625201664,14793820160,29228865,627287477
15.1,62.9,28625304064,14794381312,29234776,627297998
8.5,62.9,28625304064,14794586112,29248440,627756207
14.4,62.9,28625304064,14794950656,29248727,627756389
12.6,62.9,28625304064,14795089920,29250124,627756785
31.5,63.6,28625308672,14795147264,29275136,628196588
21.9,63.9,28625357824,14796564480,29297654,628245190
6.5,63.8,28625357824,14796703744,29297934,628246101
9.4,63.4,28625357824,14796781568,29297996,628246101
10.7,63.2,28628504064,14798256128,29297996,628246101
8.5,63.2,28628504064,14799935488,29298201,628246339
2.9,63.2,28628504064,14800267264,29298263,628246339
2.4,62.8,28628692480,14800386048,29298318,628246405
5.5,62.7,28628692480,14800726016,29298380,628246405
10.6,62.7,28628692480,14800807936,29298380,628246405
9.2,62.7,28628758016,14801045504,29298489,628246525
6.1,62.7,28628790784,14801205248,29299100,628247072
3.9,62.6,28628790784,14801209344,29299100,628247072
9.4,62.6,28628790784,14801340416,29300898,628247402
8.2,62.6,28628790784,14801496064,29301497,628248104
6.4,62.6,28628860416,14801528832,29301627,628248256
4.9,62.6,28628860416,14801672192,29301689,628248256
2.3,62.6,28628860416,14801672192,29301689,628248256
2.0,62.6,28628860416,14801684480,29301969,628248476
6.8,62.6,28628860416,14801790976,29302044,628248562
5.3,62.6,28628860416,14801963008,29302301,628249115
5.1,62.6,28628893184,14801971200,29302363,628249115
3.5,62.6,28628893184,14802008064,29302363,628249115
3.6,62.6,28628893184,14802085888,29302849,628249115
7.7,62.6,28628893184,14802262016,29303381,628249169
5.9,62.6,28628893184,14802298880,29303530,628249361
4.9,62.6,28628925952,14802384896,29303592,628249361
6.4,62.5,28628925952,14802458624,29303742,628249533
6.2,62.6,28628925952,14803679232,29303804,628249533
12.0,62.6,28628925952,14803871744,29308830,628262688
13.4,62.6,28628925952,14803933184,29309103,628262974
18.3,62.6,28628925952,14803937280,29309165,628262974
9.8,62.8,28628925952,14803994624,29320477,628275439
4.6,62.8,28628925952,14804555776,29323190,628285533
22.8,62.9,28628925952,14805497856,29335779,628304855
7.5,62.8,28628925952,14805792768,29336167,628305365
5.7,62.8,28628925952,14805809152,29336628,628306243
1.6,62.8,28628925952,14805837824,29336703,628306329
5.2,62.8,28628925952,14805850112,29336873,628306383
16.6,62.8,28628925952,14805972992,29337091,628306603
10.7,62.7,28628925952,14805977088,29337146,628306669
7.1,62.7,28628925952,14805989376,29337283,628306755
13.0,62.7,28628925952,14806087680,29340586,628307597
7.5,62.7,28628925952,14806247424,29342840,628339382
11.6,62.7,28628925952,14806263808,29342840,628339382
16.1,62.8,28628925952,14806267904,29343011,628339502
25.4,63.0,28629114368,14806816768,29387061,629057191
18.3,63.0,28629798400,14809012224,29438304,630782726
21.4,63.1,28629831168,14811621376,29440525,630790834
11.2,63.1,28629835264,14812665856,29440600,630790920
7.7,63.0,28630007296,14813161472,29440792,630791072
7.0,62.9,28630007296,14813706240,29441030,630791126
10.5,62.9,28630007296,14814545920,29441248,630791498
10.4,62.5,28630007296,14814685184,29441352,630791540
6.0,62.4,28630126080,14814947328,29444536,630818852
14.3,62.3,28630126080,14815340544,29444747,630819044
9.5,62.3,28630126080,14815488000,29444747,630819044
15.3,62.3,28630150656,14815688704,29448059,630846644
22.7,62.1,28630150656,14815827968,29448196,630846730
19.3,62.3,28630167040,14816131072,29448271,630846816
2.8,62.2,28630167040,14816253952,29448442,630846936
9.3,62.2,28630167040,14816462848,29448442,630846936
11.6,62.2,28630248960,14816991232,29448442,630846936
14.1,62.4,28630478336,14817122304,29448579,630846936
12.0,62.1,28630543872,14817622016,29448831,630847076
23.7,61.6,28630806016,14817675264,29449318,630847804
9.1,61.4,28630806016,14821877760,29449466,630848089
17.0,61.4,28630806016,14822287360,29449614,630848310
11.7,61.4,28630912512,14822316032,29449676,630848310
13.1,61.4,28631608832,14822852608,29450321,630848924
12.7,61.4,28631608832,14822868992,29450492,630849196
23.8,61.8,28631608832,14823270400,29456077,630857468
16.1,61.7,28633016320,14824052736,29485238,630967306
2.8,61.6,28633081856,14824736768,29489787,630978734
10.1,61.5,28633081856,14825150464,29489990,630979159
24.6,62.6,28636438528,14826805248,29502753,632042081
7.4,62.5,28636545024,14827591680,29502753,632042081
10.2,62.5,28636659712,14828468224,29502807,632042267
11.3,62.5,28636659712,14828517376,29503195,632042541
2.7,62.5,28636659712,14828611584,29503195,632042541
2.7,62.4,28636659712,14828865536,29503366,632042661
3.0,62.4,28636659712,14828881920,29503644,632042879
4.4,62.4,28636659712,14829299712,29504068,632042879
6.5,62.4,28636659712,14829549568,29504554,632042879
13.7,62.4,28636659712,14829627392,29504648,632043005
7.6,61.8,28636659712,14829643776,29504765,632043071
8.6,61.8,28636659712,14829852672,29504765,632043071
11.1,61.8,28636659712,14829934592,29504827,632043071
9.2,61.8,28636659712,14829946880,29504827,632043071
4.8,61.8,28636659712,14830065664,29504971,632043145
13.7,61.5,28636659712,14830241792,29505162,632043357
15.2,61.6,28636659712,14830266368,29505347,632043575
11.3,61.6,28636663808,14830405632,29505649,632043859
3.9,61.6,28636663808,14830487552,29505649,632043859
4.7,61.5,28636663808,14831679488,29505799,632044085
5.5,61.6,28636663808,14831679488,29506024,632044205
7.3,61.6,28636663808,14831761408,29506079,632044271
15.3,61.6,28636663808,14831761408,29506361,632044469
10.9,61.6,28636663808,14831790080,29506361,632044535
2.5,61.6,28636663808,14831790080,29506416,632044589
3.9,61.5,28636663808,14831814656,29506533,632044655
3.3,61.5,28636663808,14831872000,29506677,632044729
6.2,61.5,28636663808,14832117760,29506813,632044875
4.2,61.6,28636663808,14832146432,29506813,632044875
12.3,61.5,28636663808,14832162816,29506813,632044875
2.0,61.5,28636663808,14832293888,29506930,632044941
3.7,61.5,28636663808,14832429056,29506930,632044941
10.8,61.5,28636663808,14832453632,29506992,632044941
7.0,61.6,28636663808,14832478208,29507100,632044995
6.1,61.5,28636663808,14832482304,29507100,632044995
2.3,61.5,28636663808,14832539648,29507271,632045115
14.8,61.6,28636663808,14832695296,29507271,632045115
15.2,61.6,28636663808,14833059840,29519774,632068356
16.3,61.8,28636684288,14833158144,29522081,632069288
13.7,62.1,28638169600,14833608704,29523497,632070498
9.7,62.0,28639087104,14834268160,29530076,632135854
10.7,61.8,28639115776,14835984384,29530300,632136026
9.7,61.9,28639115776,14836189184,29530632,632136584
11.1,61.9,28639115776,14836332544,29530687,632136650
3.4,61.8,28639115776,14836582400,29530687,632136650
16.5,62.0,28639115776,14836881408,29531024,632136980
14.5,61.8,28640930304,14837434368,29531484,632139375
14.9,61.9,28643281408,14838642688,29531546,632139375
17.2,61.9,28645202432,14840535040,29531546,632139375
16.3,61.9,28646947328,14842103808,29537854,632217561
16.4,62.0,28648901120,14842996736,29538017,632217627
4.9,61.9,28650072576,14847617024,29538017,632217681
9.9,61.9,28650121728,14847850496,29538079,632217681
3.5,61.9,28650121728,14847870976,29547251,632224610
3.9,61.9,28650121728,14848092160,29548436,632226670
2.8,61.9,28650121728,14848149504,29548491,632226736
10.0,61.9,28650121728,14848346112,29548491,632226736
5.8,61.8,28650121728,14848346112,29548771,632226956
6.4,61.8,28650121728,14848387072,29548771,632226956
9.5,61.8,28650121728,14848395264,29548833,632226956
6.6,61.8,28650121728,14848407552,29549070,632227473
12.3,61.8,28650121728,14848407552,29549658,632228484
2.8,61.8,28650121728,14848428032,29549720,632228484
8.0,61.8,28650121728,14849431552,29549720,632228484
15.5,61.8,28650121728,14849447936,29549945,632228538
11.7,61.9,28650121728,14849452032,29550109,632228712
4.3,61.8,28650121728,14849533952,29550321,632228778
3.6,61.8,28650121728,14849550336,29551069,632229084
8.9,61.9,28650121728,14849615872,29551430,632229210
12.6,61.8,28650121728,14849640448,29551710,632229484
13.4,61.8,28650121728,14849660928,29551765,632229550
8.9,61.9,28650121728,14849878016,29551765,632229550
2.6,61.9,28650121728,14849890304,29551902,632229636
8.7,61.9,28650121728,14849894400,29551902,632229636
30.5,61.9,28650121728,14849910784,29551964,632229636
9.9,61.9,28650121728,14849914880,29552019,632229702
6.2,61.9,28650121728,14849988608,29552019,632229702
6.1,61.9,28650121728,14850013184,29552189,632229756
8.4,61.9,28650121728,14850025472,29552189,632229756
4.1,61.8,28650121728,14850111488,29552251,632229756
6.2,61.8,28650134016,14850119680,29552360,632229876
10.6,61.7,28650134016,14850213888,29552360,632229876
6.4,61.7,28650134016,14850242560,29552532,632229876
6.5,61.7,28650134016,14850254848,29552990,632230452
12.4,61.7,28650134016,14850373632,29553127,632230452
4.9,61.7,28650134016,14850390016,29553182,632230518
14.8,61.8,28650134016,14850566144,29553182,632230518
8.5,61.8,28650134016,14850697216,29553299,632230572
17.8,61.8,28650134016,14850697216,29553354,632230638
6.3,61.8,28650134016,14851061760,29558205,632236497
6.9,61.8,28650134016,14851094528,29558314,632236617
6.9,61.7,28650134016,14851115008,29558640,632236891
4.8,61.7,28650134016,14851143680,29558744,632236933
10.5,61.6,28650134016,14851155968,29558744,632236933
4.7,61.6,28650134016,14851663872,29559084,632237378
8.4,61.6,28650134016,14851807232,29559084,632237444
11.5,61.7,28650134016,14852007936,29559146,632237444
6.3,61.6,28650134016,14852106240,29559146,632237444
10.7,61.6,28650134016,14852130816,29559384,632237644
8.2,61.6,28650134016,14852241408,29559575,632237856
5.9,61.6,28650134016,14852290560,29559575,632237856
7.7,61.6,28650134016,14852519936,29559637,632237856
8.6,61.6,28650134016,14852544512,29565590,632240334
16.4,61.6,28650134016,14852921344,29565590,632240334
12.8,61.6,28650134016,14852933632,29565869,632240508
7.5,61.6,28650134016,14852945920,29565944,632240594
2.4,61.6,28650134016,14853040128,29566081,632240680
1.8,61.6,28650134016,14853052416,29566081,632240680
2.5,61.6,28650134016,14853056512,29566081,632240680
5.2,61.6,28650134016,14853068800,29566198,632240746
3.4,61.6,28650134016,14853072896,29566253,632240812
8.3,61.5,28650134016,14853163008,29566445,632240952
4.5,61.5,28650134016,14853167104,29566445,632240952
13.5,61.6,28650134016,14853257216,29566663,632241172
12.7,61.6,28650134016,14853277696,29566780,632241238
5.3,61.6,28650134016,14853314560,29566780,632241238
3.4,61.6,28650134016,14853494784,29566842,632241238
2.1,61.5,28650134016,14853494784,29566950,632241292
13.3,61.5,28650134016,14853650432,29566950,632241292
8.5,61.6,28650142208,14853650432,29567121,632241412
6.3,61.6,28650142208,14854588416,29567342,632241692
10.2,61.6,28650142208,14854666240,29569326,632249382
16.4,61.7,28650142208,14854694912,29569326,632249382
5.6,61.6,28650142208,14854703104,29569544,632249602
2.5,61.7,28650142208,14854719488,29569661,632249668
4.4,61.6,28650142208,14854727680,29569948,632249754
11.9,61.6,28650142208,14854924288,29570434,632249754
3.1,61.6,28650142208,14854924288,29570763,632249882
7.1,61.6,28650142208,14855055360,29570932,632250094
2.7,61.6,28650142208,14855063552,29571103,632250214
2.7,61.6,28650142208,14855165952,29571103,632250214
6.7,61.6,28650142208,14855260160,29571273,632250268
5.1,61.6,28650142208,14855321600,29571328,632250334
7.5,61.6,28650142208,14855333888,29571546,632250554
2.7,61.7,28650142208,14855342080,29571793,632250760
1.9,61.6,28650142208,14855378944,29571793,632250760
12.0,61.6,28650142208,14855546880,29571855,632250760
6.1,61.6,28650142208,14855550976,29571855,632250760
7.0,61.6,28650142208,14855600128,29571855,632250760
22.0,62.1,28650142208,14855604224,29572026,632250880
26.1,61.8,28650392064,14871345152,29573494,632255022
13.2,61.8,28650920448,14880815104,29573556,632255022
10.0,61.7,28650920448,14881413120,29574465,632255617
8.8,61.7,28650920448,14881589248,29574601,632255755
8.3,61.6,28650920448,14881679360,29574764,632255875
7.9,61.6,28650920448,14881871872,29574764,632255875
7.0,61.5,28650920448,14882121728,29574826,632255875
5.0,61.5,28650920448,14882138112,29575049,632256394
9.1,61.5,28650920448,14882158592,29575111,632256394
2.3,61.5,28650920448,14882170880,29575625,632257085
7.8,61.4,28650920448,14882441216,29575775,632257257
8.9,61.5,28651694592,14885738496,29576058,632257632
5.7,61.5,28651694592,14885816320,29576058,632257632
5.8,61.5,28651694592,14885828608,29576120,632257632
4.6,61.4,28651694592,14885869568,29576175,632257698
9.4,61.1,28651694592,14885885952,29576230,632257764
9.1,61.1,28651694592,14886082560,29576367,632257850
11.3,61.1,28651694592,14886123520,29576569,632257904
11.7,61.1,28651694592,14886139904,29576631,632258030
6.1,61.1,28651694592,14886164480,29576686,632258096
9.7,61.1,28651694592,14886258688,29576686,632258096
21.5,61.1,28651694592,14889211904,29577102,632258984
12.6,61.1,28652034560,14909659136,29577362,632259246
17.3,61.2,28652141056,14910044160,29578731,632261181
6.1,61.2,28652141056,14910154752,29578786,632261247
5.8,61.2,28652141056,14910334976,29578786,632261247
9.4,61.1,28652141056,14910461952,29578848,632261247
6.5,61.1,28652141056,14910568448,29578848,632261247
6.2,61.1,28652141056,14910638080,29578910,632261247
10.3,61.3,28652141056,14910748672,29578965,632261313
5.0,61.4,28652157440,14910830592,29594777,632274714
9.5,61.4,28652157440,14910990336,29594947,632274768
6.8,61.3,28652157440,14910998528,29595022,632274854
3.7,61.3,28652157440,14911084544,29595084,632274854
5.2,61.3,28652157440,14911088640,29595139,632274920
6.3,61.3,28652157440,14911219712,29595357,632275140
7.3,61.3,28652157440,14911334400,29595419,632275140
8.3,61.3,28652157440,14911854592,29595419,632275140
4.8,61.3,28652157440,14911944704,29595556,632275226
4.7,61.3,28652157440,14911948800,29595611,632275292
8.7,61.3,28652157440,14911965184,29595611,632275292
9.5,61.3,28652157440,14911981568,29595673,632275292
10.5,61.4,28652157440,14911985664,29595673,632275292
4.3,61.4,28652157440,14912063488,29595735,632275292
7.4,61.1,28652157440,14912096256,29595952,632275466
9.1,61.1,28652157440,14912391168,29596438,632275466
6.0,61.1,28652157440,14912468992,29597080,632275686
5.2,61.1,28652157440,14912489472,29597174,632275812
14.8,61.1,28652177920,14912518144,29597236,632275812
18.6,61.1,28652177920,14913042432,29600330,632278000
19.5,61.1,28652177920,14914172928,29605025,632283385
19.4,61.1,28652177920,14914631680,29605025,632283385
18.9,61.2,28652177920,14915606528,29605025,632283385
19.6,61.4,28652489216,14929307648,29605308,632283759
16.4,61.4,28652583424,14930913280,29630039,633284417
13.0,61.4,28652583424,14931998720,29630101,633284417
20.2,61.7,28652583424,14932178944,29630392,633284565
19.4,62.3,28652599808,14938806272,29631695,633290299
19.9,62.3,28652730880,14943610880,29643144,633375688
13.9,62.3,28652907008,14964996096,29643541,633375956
3.1,62.2,28652964352,14965741568,29643752,633376188
4.3,62.2,28652964352,14965962752,29643752,633376188
6.5,62.3,28652964352,14966380544,29643752,633376188
20.4,62.2,28653066752,14966650880,29643814,633376188
14.8,62.3,28653066752,14967076864,29643869,633376254
11.5,62.2,28653066752,14967273472,29643931,633376254
13.6,62.2,28653066752,14967867392,29643931,633376254
12.7,62.2,28653066752,14968129536,29675122,633432078
13.8,61.8,28653206016,14968334336,29687049,633453348
5.9,61.8,28653206016,14968453120,29689044,633455391
16.1,61.8,28653234688,14968727552,29693524,633463788
10.6,61.8,28653234688,14969214976,29694818,633466581
15.4,61.9,28653697536,14970525696,29713822,633581813
4.8,61.8,28653697536,14970845184,29717345,633584613
6.5,61.8,28653730304,14971885568,29717454,633584733
5.9,61.8,28653730304,14972073984,29717591,633584819
31.4,62.5,28653730304,14972160000,29722421,633649962
11.2,62.4,28654189056,14974081024,29736308,634614170
4.8,62.4,28654189056,14974449664,29736370,634614170
10.9,62.5,28654189056,14974457856,29736425,634614236
16.8,62.6,28654221824,14974527488,29736562,634614322
3.1,62.4,28654221824,14974531584,29736562,634614322
5.3,62.4,28654291456,14975145984,29736624,634614322
2.2,62.1,28654291456,14975682560,29736846,634614604
6.9,62.1,28654291456,14975719424,29737009,634614724
9.4,62.4,28654291456,14975723520,29737071,634614724
9.7,62.4,28654291456,14975870976,29752005,634629848
15.5,62.5,28654291456,14975911936,29752067,634629848
4.4,62.5,28654291456,14976104448,29752067,634629848
18.9,62.5,28654291456,14976563200,29752251,634630054
6.1,62.5,28654291456,14976579584,29752606,634630360
3.4,62.4,28654291456,14977484800,29752606,634630360
2.8,62.4,28654291456,14977562624,29752743,634630434
7.2,62.5,28654291456,14977689600,29752743,634630434
13.6,62.4,28654291456,14977812480,29752798,634630500
11.3,62.4,28654291456,14977845248,29752860,634630500
16.6,62.4,28654291456,14977853440,29752860,634630500
14.1,62.4,28654291456,14977865728,29752922,634630500
10.8,62.4,28654291456,14977988608,29753325,634630904
8.9,62.4,28654291456,14978295808,29753509,634631110
21.6,62.3,28654311936,14978316288,29753571,634631110
19.2,62.3,28654311936,14978480128,29753937,634631517
10.8,62.3,28654311936,14978582528,29754147,634631876
11.8,62.2,28654311936,14978598912,29754147,634631876
30.7,62.9,28654311936,14978611200,29754626,634631942
20.3,63.8,28654377472,14979270656,29755112,634631942
12.4,63.7,28654377472,14979659776,29755206,634632068
8.7,63.8,28654508544,14979934208,29774945,634652044
13.4,63.6,28654508544,14979950592,29840139,638314402
10.6,63.0,28654508544,14980077568,29849898,638315375
9.4,63.2,28654508544,14980102144,29853842,638324964
18.0,63.0,28654508544,14980163584,29855071,638328706
10.7,63.1,28654508544,14980257792,29874962,638421970
11.6,63.0,28654508544,14980261888,29879195,638475088
10.7,63.0,28654508544,14980265984,29879526,638476836
8.7,63.2,28654508544,14980741120,29880525,638479832
11.9,63.1,28654508544,14980765696,29895202,638486810
14.1,63.2,28654508544,14980913152,29899996,638543395
6.4,63.2,28654508544,14980950016,29917613,639163521
12.6,63.3,28654508544,14981138432,29931912,639440692
10.1,63.2,28654508544,14981150720,29932083,639440812
22.1,63.3,28654508544,14981154816,29932378,639441572
15.0,63.1,28654508544,14981244928,29946013,639650918
9.5,62.9,28654508544,14981449728,29946290,639651095
10.7,63.1,28654508544,14981601280,29956668,639655766
13.6,63.1,28654950912,14982858752,29961921,639715922
10.8,63.1,28654950912,14982862848,29977339,639805790
12.0,63.1,28654950912,14982883328,30005731,639893899
9.2,63.2,28654950912,14983002112,30012898,640049353
13.0,63.3,28654950912,14983002112,30037767,640447964
11.4,63.3,28654950912,14983100416,30041655,640627893
14.0,63.3,28654950912,14983100416,30041655,640627893
13.1,63.3,28654950912,14983342080,30064546,640775314
8.1,63.3,28654995968,14983501824,30064878,640775965
11.7,63.2,28654995968,14983510016,30078971,641011644
11.4,63.3,28654995968,14983772160,30080347,641086649
13.0,63.3,28654995968,14983780352,30090222,641087177
9.8,63.3,28654995968,14983899136,30102284,641188176
7.3,63.3,28655208960,14984562688,30102669,641188578
22.8,63.3,28655208960,14984714240,30117517,641562487
13.0,63.3,28655208960,14985054208,30127477,641563616
14.3,63.3,28655208960,14985054208,30127477,641563616
8.8,63.3,28655208960,14985185280,30149348,641770884
5.5,63.2,28655208960,14985185280,30161142,641778484
11.1,63.3,28655208960,14985242624,30177497,642099969
14.2,63.8,28655208960,14985279488,30185714,642105185
17.8,63.8,28655208960,14985287680,30185714,642105271
11.9,63.8,28655208960,14985345024,30185994,642105491
4.8,63.0,28655208960,14985385984,30186103,642105753
3.5,62.8,28655208960,14989129728,30186165,642105753
3.2,62.8,28655208960,14989191168,30186165,642105753
4.7,62.5,28655208960,14989195264,30186489,642105753
4.3,61.7,28655208960,14989293568,30186551,642106165
4.5,61.6,28655208960,14989588480,30186606,642106231
4.0,61.6,28655208960,14989678592,30186668,642106231
6.9,61.6,28655208960,14989682688,30187034,642106810
6.8,61.6,28655208960,14989899776,30187034,642106810
3.5,61.6,28655208960,14989969408,30187096,642106810
2.2,61.6,28655208960,14990133248,30187205,642106930
2.1,61.6,28655208960,14990145536,30187267,642106930
2.8,61.6,28655208960,14990149632,30187267,642106930
3.1,61.6,28655208960,14990153728,30187267,642106930
1.5,61.6,28655208960,14990227456,30187329,642107156
2.9,61.6,28655208960,14990235648,30187596,642107222
2.6,61.6,28655225344,14992578560,30188412,642107650
3.7,61.6,28655225344,14992746496,30199370,642114510
2.9,61.6,28655225344,14992758784,30199744,642114856
2.3,61.6,28655225344,14992996352,30199744,642114856
12.9,61.9,28664793088,14993266688,30210249,642124579
2.0,61.9,28666341376,14994966528,30215332,642136507
3.9,61.9,28666341376,14995314688,30215332,642136507
4.9,61.9,28666341376,14995646464,30231821,642136549
1.5,61.9,28666341376,14996277248,30240755,642148779
7.9,62.1,28666386432,14996322304,30240946,642148934
5.4,62.1,28666386432,14996482048,30241008,642148934
1.5,62.1,28666402816,14996609024,30241008,642148934
2.9,62.0,28666402816,14996609024,30241288,642149154
3.4,62.0,28666402816,14996629504,30241288,642149154
2.4,62.0,28666402816,14996629504,30241505,642149328
3.2,62.0,28666402816,14996899840,30241567,642149328
4.5,62.0,28666402816,14997108736,30241567,642149328
2.5,62.0,28666402816,14997145600,30241629,642149328
1.5,62.0,28666402816,14997215232,30241722,642149647
3.3,62.1,28666402816,14997383168,30241831,642149767
2.6,62.1,28666402816,14997440512,30241986,642149853
2.4,62.1,28666402816,14997444608,30241986,642149853
12.3,62.5,28666435584,14998308864,30261875,642173743
17.4,62.5,28666566656,15001049088,30275574,642197455
3.9,62.5,28666636288,15021414400,30275629,642197521
2.3,62.5,28666636288,15021889536,30276457,642197563
3.0,62.4,28666636288,15022036992,30278065,642197987
2.2,62.4,28666636288,15022286848,30278343,642197987
3.6,62.5,28666636288,15022397440,30278451,642198345
2.1,62.4,28666652672,15022618624,30278560,642198465
3.0,62.4,28666652672,15022794752,30278697,642198465
3.7,62.4,28666652672,15022884864,30278791,642198677
3.4,62.4,28666652672,15022979072,30278928,642198763
8.9,62.5,28666652672,15023060992,30278928,642198763
2.2,62.2,28666701824,15023978496,30279037,642198883
4.1,62.2,28666701824,15024019456,30279099,642198883
5.0,62.2,28666701824,15024052224,30279099,642198883
3.5,62.2,28666701824,15024605184,30279161,642198883
1.4,62.0,28666734592,15024670720,30279161,642199109
6.7,61.9,28666767360,15024752640,30279360,642199175
2.8,61.8,28666767360,15024781312,30279496,642199395
1.6,61.8,28666767360,15024781312,30279604,642199449
2.2,61.8,28666767360,15025547264,30283975,642212227
1.9,61.8,28666767360,15025547264,30285942,642289485
2.7,61.8,28666767360,15025584128,30286051,642289605
4.0,61.9,28666767360,15025715200,30286155,642289647
3.2,61.9,28666767360,15025723392,30286155,642289647
2.7,61.9,28666767360,15025797120,30286217,642289873
1.6,61.9,28666767360,15025805312,30286217,642289873
4.3,61.9,28666767360,15025891328,30286272,642289939
4.2,61.9,28666767360,15026202624,30286334,642289939
1.3,61.8,28666767360,15026206720,30286334,642289939
1.4,61.9,28666767360,15026345984,30286396,642289939
2.2,61.8,28666767360,15026391040,30286471,642290025
5.1,62.0,28666767360,15026399232,30286852,642290365
14.6,62.2,28666767360,15031572480,30302101,642308393
8.0,62.1,28667144192,15050921984,30302322,642308674
2.6,62.1,28667144192,15051151360,30302384,642308900
0.3,64.0,28667144192,15051474944,30302384,642308900
57.1,66.1,28692913664,15078904320,30398009,642504819
24.0,64.7,28703388160,15135163392,30465223,643350237
36.2,64.9,28705976832,15147283456,30472459,643356105
13.6,64.5,28711990784,15188513792,30477799,643362140
38.4,64.9,28712040960,15189734400,30478090,643362288
58.0,65.0,28712040960,15191012352,30486580,643386168
29.7,64.7,28712413696,15192929280,30505380,643419845
14.1,64.4,28712475136,15194469376,30521218,643439525
